Time,RNN,Actual,Raw
2023-09-08 02:39:20,0.16561183,0.1626237870812055,0.156
2023-09-08 02:39:25,0.16003667,0.1542481441653949,0.154
2023-09-08 02:39:30,0.15747367,0.14888917680619732,0.128
2023-09-08 02:39:35,0.15779985,0.1415198641553361,0.154
2023-09-08 02:39:40,0.15763438,0.1288251886242025,0.162
2023-09-08 02:39:45,0.11886439,0.11709413042836854,0.122
2023-09-08 02:39:50,0.118904024,0.11929213401046847,0.0559999999999999
2023-09-08 02:39:55,0.13100731,0.14035676222323507,0.148
2023-09-08 02:40:00,0.14879882,0.16857697954889028,0.2019999999999999
2023-09-08 02:40:05,0.16091123,0.18549749354662937,0.18
2023-09-08 02:40:10,0.18461137,0.1829028093742992,0.192
2023-09-08 02:40:15,0.17606933,0.16899642383909824,0.18
2023-09-08 02:40:20,0.16597258,0.15965058685709227,0.124
2023-09-08 02:40:25,0.15925089,0.16320698998130662,0.138
2023-09-08 02:40:30,0.15617232,0.17306524667275877,0.22
2023-09-08 02:40:35,0.1783695,0.17644368348774056,0.186
2023-09-08 02:40:40,0.17320462,0.16897608682054455,0.16
2023-09-08 02:40:45,0.16362938,0.15750173312574214,0.138
2023-09-08 02:40:50,0.1549533,0.15008689455770197,0.156
2023-09-08 02:40:55,0.15013392,0.14737697896725646,0.136
2023-09-08 02:41:00,0.14890729,0.14405330324515295,0.178
2023-09-08 02:41:05,0.15134248,0.13619019960558554,0.108
2023-09-08 02:41:10,0.15726613,0.1259826698960419,0.146
2023-09-08 02:41:15,0.16459031,0.1201988221522518,0.126
2023-09-08 02:41:20,0.16823387,0.12387741496607907,0.078
2023-09-08 02:41:25,0.1391043,0.13398211825962394,0.154
2023-09-08 02:41:30,0.15314214,0.14049464622797597,0.158
2023-09-08 02:41:35,0.16548534,0.13672978430013724,0.136
2023-09-08 02:41:40,0.17164327,0.12801592428461706,0.162
2023-09-08 02:41:45,0.16921866,0.1269329137790061,0.04
2023-09-08 02:41:50,0.14188276,0.13924273102234327,0.166
2023-09-08 02:41:55,0.16016641,0.15815233007573215,0.206
2023-09-08 02:42:00,0.17392474,0.17362061291735206,0.156
2023-09-08 02:42:05,0.1781739,0.18130619733522735,0.148
2023-09-08 02:42:10,0.1720118,0.17973210572986353,0.2
2023-09-08 02:42:15,0.17005269,0.1657050848160929,0.168
2023-09-08 02:42:20,0.15328968,0.13781304058483543,0.144
2023-09-08 02:42:25,0.13843352,0.102037219309357,0.106
2023-09-08 02:42:30,0.13249533,0.07061668327666851,0.066
2023-09-08 02:42:35,0.13508596,0.05394882303387801,0.0279999999999999
2023-09-08 02:42:40,0.058340423,0.05264135133620339,0.066
2023-09-08 02:42:45,0.075581394,0.05768735895560854,0.066
2023-09-08 02:42:50,0.11143468,0.05900554074251792,0.064
2023-09-08 02:42:55,0.1409783,0.053955459193170935,0.046
2023-09-08 02:43:00,0.15690473,0.04893536655756651,0.066
2023-09-08 02:43:05,0.053448103,0.05414197922327057,0.04
2023-09-08 02:43:10,0.06298702,0.07504180430207236,0.044
2023-09-08 02:43:15,0.08994368,0.1065106754653775,0.148
2023-09-08 02:43:20,0.112802215,0.13529942008520018,0.12
2023-09-08 02:43:25,0.12929887,0.1485889719829905,0.136
2023-09-08 02:43:30,0.14662738,0.14161423461408323,0.184
2023-09-08 02:43:35,0.13820317,0.12074120117784831,0.104
2023-09-08 02:43:40,0.13198249,0.09980366597453133,0.072
2023-09-08 02:43:45,0.1325165,0.09058601772782138,0.1119999999999999
2023-09-08 02:43:50,0.13727112,0.09545654666457438,0.096
2023-09-08 02:43:55,0.112451285,0.10735375171735093,0.0819999999999999
2023-09-08 02:44:00,0.12153736,0.11472904762582224,0.126
2023-09-08 02:44:05,0.13355082,0.10991489941147074,0.15
2023-09-08 02:44:10,0.1430626,0.09738396822273518,0.09
2023-09-08 02:44:15,0.14742577,0.09131212004389404,0.052
2023-09-08 02:44:20,0.10266632,0.1004959657560634,0.086
2023-09-08 02:44:25,0.11972694,0.11741707131268035,0.148
2023-09-08 02:44:30,0.1389778,0.1258300073986149,0.134
2023-09-08 02:44:35,0.15104045,0.11818501314803186,0.138
2023-09-08 02:44:40,0.15301394,0.10307564927734385,0.072
2023-09-08 02:44:45,0.09678356,0.09622171417513413,0.086
2023-09-08 02:44:50,0.10247498,0.10659927420205577,0.122
2023-09-08 02:44:55,0.11644109,0.1310360678657013,0.13
2023-09-08 02:45:00,0.13164024,0.15810537709357605,0.14
2023-09-08 02:45:05,0.14140652,0.17537403346427294,0.19
2023-09-08 02:45:10,0.17817102,0.17734859221880422,0.218
2023-09-08 02:45:15,0.17101713,0.16977588042723776,0.134
2023-09-08 02:45:20,0.15859085,0.16323198165317598,0.126
2023-09-08 02:45:25,0.14790572,0.16108969436294163,0.2019999999999999
2023-09-08 02:45:30,0.14285271,0.15732610115279794,0.15
2023-09-08 02:45:35,0.15019897,0.14623637810773538,0.168
2023-09-08 02:45:40,0.14069614,0.12992562610785022,0.104
2023-09-08 02:45:45,0.13723192,0.11532280924924963,0.1159999999999999
2023-09-08 02:45:50,0.1411784,0.10734510190549719,0.098
2023-09-08 02:45:55,0.14732048,0.10714637366398758,0.1639999999999999
2023-09-08 02:46:00,0.1179411,0.1139288223653428,0.036
2023-09-08 02:46:05,0.13060378,0.123973979317397,0.15
2023-09-08 02:46:10,0.14886823,0.1301113925182711,0.152
2023-09-08 02:46:15,0.16406547,0.1279053534356987,0.124
2023-09-08 02:46:20,0.16860999,0.12182969691999104,0.134
2023-09-08 02:46:25,0.122812144,0.12092560309501188,0.07
2023-09-08 02:46:30,0.13107014,0.12807181863061018,0.154
2023-09-08 02:46:35,0.14206414,0.13639183845334563,0.144
2023-09-08 02:46:40,0.1514467,0.13686366700982983,0.134
2023-09-08 02:46:45,0.15423636,0.12778043798672142,0.14
2023-09-08 02:46:50,0.119081415,0.11643621065324902,0.12
2023-09-08 02:46:55,0.11634789,0.11197221772117301,0.066
2023-09-08 02:47:00,0.12143935,0.11639437955463382,0.132
2023-09-08 02:47:05,0.1324352,0.12412341034542129,0.166
2023-09-08 02:47:10,0.14196292,0.13050876368327166,0.1159999999999999
2023-09-08 02:47:15,0.1389952,0.13622923163161096,0.088
2023-09-08 02:47:20,0.14848843,0.14207924331998303,0.198
2023-09-08 02:47:25,0.15842405,0.14489174537991784,0.106
2023-09-08 02:47:30,0.16521074,0.14105128768193964,0.176
2023-09-08 02:47:35,0.16452698,0.13130995438488402,0.108
2023-09-08 02:47:40,0.12380152,0.12129193037573549,0.136
2023-09-08 02:47:45,0.12007756,0.11815132742657294,0.1159999999999999
2023-09-08 02:47:50,0.12274752,0.12560934583175798,0.096
2023-09-08 02:47:55,0.13101006,0.1406268597755012,0.176
2023-09-08 02:48:00,0.13917366,0.1548833514804889,0.14
2023-09-08 02:48:05,0.16317359,0.15973302234431408,0.152
2023-09-08 02:48:10,0.16356274,0.1506409790143358,0.174
2023-09-08 02:48:15,0.16007577,0.12975524788923903,0.12
2023-09-08 02:48:20,0.15615362,0.10569386711855876,0.11
2023-09-08 02:48:25,0.15293865,0.08891913922293579,0.072
2023-09-08 02:48:30,0.08812193,0.08535269691157063,0.092
2023-09-08 02:48:35,0.096921206,0.09367220162410214,0.102
2023-09-08 02:48:40,0.11689812,0.10731786622581031,0.096
2023-09-08 02:48:45,0.13616312,0.11798233846581327,0.1119999999999999
2023-09-08 02:48:50,0.14771585,0.11948969748386155,0.142
2023-09-08 02:48:55,0.1159931,0.1123224152267508,0.122
2023-09-08 02:49:00,0.10682817,0.1044924561470737,0.074
2023-09-08 02:49:05,0.10541906,0.10484099164720101,0.1159999999999999
2023-09-08 02:49:10,0.11329061,0.11425927215940641,0.096
2023-09-08 02:49:15,0.12499881,0.12425369455713256,0.136
2023-09-08 02:49:20,0.1295637,0.12483861977434925,0.144
2023-09-08 02:49:25,0.12249411,0.1145398404790528,0.118
2023-09-08 02:49:30,0.118389495,0.10246911480925008,0.084
2023-09-08 02:49:35,0.12091873,0.0997887945763829,0.0819999999999999
2023-09-08 02:49:40,0.12808673,0.10975987161825479,0.136
2023-09-08 02:49:45,0.12989996,0.12630562458233074,0.118
2023-09-08 02:49:50,0.14111991,0.1400049582203909,0.12
2023-09-08 02:49:55,0.15027358,0.14539407846876454,0.192
2023-09-08 02:50:00,0.15463091,0.14595206346257836,0.148
2023-09-08 02:50:05,0.15347978,0.1514420797800922,0.102
2023-09-08 02:50:10,0.16913137,0.16624533560737867,0.15
2023-09-08 02:50:15,0.18837957,0.18238189310135225,0.24
2023-09-08 02:50:20,0.19627438,0.18891259462553217,0.192
2023-09-08 02:50:25,0.190919,0.1857184853028645,0.152
2023-09-08 02:50:30,0.17620896,0.18357342216867445,0.222
2023-09-08 02:50:35,0.19408011,0.19196136804822164,0.132
2023-09-08 02:50:40,0.20981757,0.2089621686053814,0.216
2023-09-08 02:50:45,0.21671937,0.22401050275296633,0.276
2023-09-08 02:50:50,0.21096759,0.23164766866868314,0.238
2023-09-08 02:50:55,0.19496971,0.23957086961170598,0.19
2023-09-08 02:51:00,0.2637372,0.25887623929473763,0.282
2023-09-08 02:51:05,0.29185334,0.28799828006298267,0.2319999999999999
2023-09-08 02:51:10,0.3045399,0.31036016530903476,0.38
2023-09-08 02:51:15,0.2952597,0.30920430941481525,0.3
2023-09-08 02:51:20,0.2660313,0.2835935689658212,0.316
2023-09-08 02:51:25,0.2498791,0.24817439389796067,0.138
2023-09-08 02:51:30,0.2174544,0.21948987006817103,0.3339999999999999
2023-09-08 02:51:35,0.20772852,0.2068903933706892,0.134
2023-09-08 02:51:40,0.21074568,0.21349773011304624,0.272
2023-09-08 02:51:45,0.2117061,0.23696155469691796,0.1639999999999999
2023-09-08 02:51:50,0.27605227,0.2669013264221626,0.316
2023-09-08 02:51:55,0.30132148,0.2868509846716264,0.27
2023-09-08 02:52:00,0.30559418,0.28351016090447007,0.288
2023-09-08 02:52:05,0.28209025,0.256680954875401,0.292
2023-09-08 02:52:10,0.24128024,0.22181609543174685,0.19
2023-09-08 02:52:15,0.20702302,0.2015236762010691,0.204
2023-09-08 02:52:20,0.20113298,0.21036420888903987,0.1939999999999999
2023-09-08 02:52:25,0.21030448,0.24422239910485513,0.236
2023-09-08 02:52:30,0.21272792,0.2827324668573558,0.316
2023-09-08 02:52:35,0.19718824,0.30224059486479155,0.29
2023-09-08 02:52:40,0.30677423,0.2894506547517147,0.266
2023-09-08 02:52:45,0.2715962,0.24902496544998617,0.346
2023-09-08 02:52:50,0.24305686,0.20171947033652637,0.126
2023-09-08 02:52:55,0.21873695,0.1695004810206991,0.102
2023-09-08 02:53:00,0.19873774,0.1578760825080618,0.252
2023-09-08 02:53:05,0.1603663,0.1570418459831675,0.136
2023-09-08 02:53:10,0.14978501,0.15951628076416333,0.204
2023-09-08 02:53:15,0.14966202,0.16726821364802263,0.084
2023-09-08 02:53:20,0.15116492,0.17996166224089408,0.186
2023-09-08 02:53:25,0.15087816,0.1861165205591758,0.222
2023-09-08 02:53:30,0.1771274,0.1731951061849849,0.212
2023-09-08 02:53:35,0.15523702,0.14271389694922057,0.072
2023-09-08 02:53:40,0.13793531,0.110434584232331,0.14
2023-09-08 02:53:45,0.13216724,0.09555552760304285,0.11
2023-09-08 02:53:50,0.13627611,0.11219205634839209,0.11
2023-09-08 02:53:55,0.16420245,0.16233390413684573,0.106
2023-09-08 02:54:00,0.21329173,0.22899554841087225,0.246
2023-09-08 02:54:05,0.246064,0.2810873511814464,0.32
2023-09-08 02:54:10,0.24837984,0.29359113226214584,0.294
2023-09-08 02:54:15,0.22305761,0.2656127141556043,0.26
2023-09-08 02:54:20,0.23040561,0.2194939108330399,0.24
2023-09-08 02:54:25,0.19932295,0.18316051982818105,0.114
2023-09-08 02:54:30,0.19628638,0.17063865149534474,0.2
2023-09-08 02:54:35,0.20037098,0.17621303774762365,0.176
2023-09-08 02:54:40,0.19582047,0.18579928604778384,0.2319999999999999
2023-09-08 02:54:45,0.19141468,0.19146929663820136,0.136
2023-09-08 02:54:50,0.19270545,0.19394140226999734,0.228
2023-09-08 02:54:55,0.19334863,0.19538745388205694,0.146
2023-09-08 02:55:00,0.19212197,0.1950215340999768,0.268
2023-09-08 02:55:05,0.18737604,0.19103409328501272,0.138
2023-09-08 02:55:10,0.18659708,0.1820587465265496,0.186
2023-09-08 02:55:15,0.18551914,0.16582453591913296,0.172
2023-09-08 02:55:20,0.18732719,0.1410988560782444,0.154
2023-09-08 02:55:25,0.19039199,0.11354242168389467,0.13
2023-09-08 02:55:30,0.1899113,0.0962239901275016,0.06
2023-09-08 02:55:35,0.09881843,0.10052059280476176,0.098
2023-09-08 02:55:40,0.11548934,0.12633180929183951,0.146
2023-09-08 02:55:45,0.1393054,0.16160971463135623,0.138
2023-09-08 02:55:50,0.15590279,0.19053794308799404,0.206
2023-09-08 02:55:55,0.16041593,0.20348275483232886,0.246
2023-09-08 02:56:00,0.20286272,0.20144853784540934,0.142
2023-09-08 02:56:05,0.19504884,0.19101917302654084,0.184
2023-09-08 02:56:10,0.18199317,0.17710927437468577,0.23
2023-09-08 02:56:15,0.16913524,0.1633725503399337,0.156
2023-09-08 02:56:20,0.15998445,0.1542292861712643,0.108
2023-09-08 02:56:25,0.15479034,0.15020802542518857,0.142
2023-09-08 02:56:30,0.15931505,0.14662676851394027,0.2239999999999999
2023-09-08 02:56:35,0.16378188,0.14294907365475515,0.14
2023-09-08 02:56:40,0.16469456,0.14658076427037556,0.054
2023-09-08 02:56:45,0.16069277,0.1610176029008802,0.188
2023-09-08 02:56:50,0.18061325,0.1782705602966866,0.244
2023-09-08 02:56:55,0.19269124,0.1895176783967294,0.17
2023-09-08 02:57:00,0.19395792,0.19485610361127417,0.148
2023-09-08 02:57:05,0.18718563,0.19698699485772247,0.192
2023-09-08 02:57:10,0.17696667,0.1948652930546078,0.264
2023-09-08 02:57:15,0.19145688,0.19006482298871297,0.198
2023-09-08 02:57:20,0.18686345,0.18957954305873764,0.088
2023-09-08 02:57:25,0.18483098,0.1939140112998863,0.21
2023-09-08 02:57:30,0.18307908,0.19128928506616996,0.278
2023-09-08 02:57:35,0.17843269,0.17277358538192636,0.156
2023-09-08 02:57:40,0.15051268,0.14601108179918595,0.0819999999999999
2023-09-08 02:57:45,0.1410035,0.12722233826869328,0.176
2023-09-08 02:57:50,0.14716502,0.12595327229134556,0.096
2023-09-08 02:57:55,0.1626628,0.1412754938410139,0.17
2023-09-08 02:58:00,0.17402367,0.16603482497520397,0.15
2023-09-08 02:58:05,0.19323248,0.18998355930130315,0.1639999999999999
2023-09-08 02:58:10,0.21358871,0.20261435324211646,0.256
2023-09-08 02:58:15,0.21960944,0.19895252476211941,0.182
2023-09-08 02:58:20,0.2117104,0.18319291313989697,0.18
2023-09-08 02:58:25,0.19536142,0.1634024786177668,0.15
2023-09-08 02:58:30,0.14881745,0.14278009621381116,0.106
2023-09-08 02:58:35,0.136514,0.12012761211245754,0.2319999999999999
2023-09-08 02:58:40,0.13115829,0.09909525904356058,0.026
2023-09-08 02:58:45,0.13285963,0.09023470240135611,0.084
2023-09-08 02:58:50,0.13752379,0.10029771836720482,0.094
2023-09-08 02:58:55,0.12851678,0.1247357230310247,0.158
2023-09-08 02:59:00,0.14857274,0.15330851470105433,0.16
2023-09-08 02:59:05,0.16574143,0.17747462785424872,0.12
2023-09-08 02:59:10,0.17251182,0.1906824090797022,0.2319999999999999
2023-09-08 02:59:15,0.16862924,0.18894789616347654,0.204
2023-09-08 02:59:20,0.17797263,0.1759521234292285,0.158
2023-09-08 02:59:25,0.16387026,0.16332409740859197,0.182
2023-09-08 02:59:30,0.15451844,0.16085939175869163,0.1
2023-09-08 02:59:35,0.15193121,0.16686895608442437,0.19
2023-09-08 02:59:40,0.15259564,0.17155247793733372,0.238
2023-09-08 02:59:45,0.17075954,0.16963924785537485,0.118
2023-09-08 02:59:50,0.16540636,0.16474806708698897,0.134
2023-09-08 02:59:55,0.16010687,0.16186261141671127,0.222
2023-09-08 03:00:00,0.15694164,0.1622582697036701,0.132
2023-09-08 03:00:05,0.15497221,0.16540313086539266,0.16
2023-09-08 03:00:10,0.16663703,0.17014958000531216,0.184
2023-09-08 03:00:15,0.1773707,0.17431055333898945,0.17
2023-09-08 03:00:20,0.17984855,0.17571786311637236,0.172
2023-09-08 03:00:25,0.1712807,0.17366937998889354,0.172
2023-09-08 03:00:30,0.16183004,0.16984509528634706,0.196
2023-09-08 03:00:35,0.16208315,0.16776535415122817,0.15
2023-09-08 03:00:40,0.16800718,0.16854942478882,0.118
2023-09-08 03:00:45,0.1700808,0.16738414754138042,0.24
2023-09-08 03:00:50,0.16414785,0.15865893761822858,0.144
2023-09-08 03:00:55,0.15818474,0.14428123321670172,0.15
2023-09-08 03:01:00,0.12857403,0.1318260501911616,0.072
2023-09-08 03:01:05,0.13581787,0.12510141657513646,0.198
2023-09-08 03:01:10,0.1453367,0.1213877112654852,0.06
2023-09-08 03:01:15,0.14853092,0.11792096748090267,0.184
2023-09-08 03:01:20,0.14973904,0.1177085212393015,0.086
2023-09-08 03:01:25,0.12621504,0.12716604767100165,0.11
2023-09-08 03:01:30,0.14555387,0.14779398400316937,0.1639999999999999
2023-09-08 03:01:35,0.16083074,0.17144593965877275,0.14
2023-09-08 03:01:40,0.16246468,0.18584731198372054,0.244
2023-09-08 03:01:45,0.15824938,0.18552026740520142,0.17
2023-09-08 03:01:50,0.17026854,0.17612423300463229,0.156
2023-09-08 03:01:55,0.1663545,0.16695506743297717,0.178
2023-09-08 03:02:00,0.16335398,0.16042414016891307,0.1159999999999999
2023-09-08 03:02:05,0.15776037,0.15113980296624047,0.222
2023-09-08 03:02:10,0.155439,0.13544003544366612,0.114
2023-09-08 03:02:15,0.11546511,0.11864638721997674,0.126
2023-09-08 03:02:20,0.11940245,0.10996269033420493,0.038
2023-09-08 03:02:25,0.13074848,0.11306534081761649,0.212
2023-09-08 03:02:30,0.13878848,0.12550360971772911,0.086
2023-09-08 03:02:35,0.14535601,0.14309187641318383,0.102
2023-09-08 03:02:40,0.16107388,0.16036901937714237,0.22
2023-09-08 03:02:45,0.17941937,0.1713452570379626,0.15
2023-09-08 03:02:50,0.18466121,0.17401361884801247,0.1639999999999999
2023-09-08 03:02:55,0.17487411,0.1723905294802502,0.204
2023-09-08 03:03:00,0.16247253,0.17309405623596524,0.15
2023-09-08 03:03:05,0.17423996,0.17868853719859087,0.1639999999999999
2023-09-08 03:03:10,0.18756457,0.18261983002676388,0.146
2023-09-08 03:03:15,0.19178806,0.17509118803753182,0.288
2023-09-08 03:03:20,0.18227479,0.15891331074790785,0.13
2023-09-08 03:03:25,0.16980201,0.15373936004061478,0.114
2023-09-08 03:03:30,0.1706992,0.17619034686634513,0.124
2023-09-08 03:03:35,0.2149235,0.2187953480490571,0.29
2023-09-08 03:03:40,0.24568807,0.2550569324074353,0.252
2023-09-08 03:03:45,0.2398089,0.26266534212319065,0.256
2023-09-08 03:03:50,0.21072003,0.23889595549778112,0.2339999999999999
2023-09-08 03:03:55,0.19561626,0.20025896245582417,0.246
2023-09-08 03:04:00,0.17155938,0.17202120281647526,0.142
2023-09-08 03:04:05,0.16444145,0.17025496577404986,0.08
2023-09-08 03:04:10,0.16316041,0.18710632285767578,0.264
2023-09-08 03:04:15,0.16552703,0.19811926478294514,0.242
2023-09-08 03:04:20,0.18679975,0.1868421346297391,0.13
2023-09-08 03:04:25,0.16953468,0.15809530380057024,0.2019999999999999
2023-09-08 03:04:30,0.15472682,0.1286677378839435,0.076
2023-09-08 03:04:35,0.14512257,0.1111139607087591,0.126
2023-09-08 03:04:40,0.14752123,0.10653972690552464,0.1159999999999999
2023-09-08 03:04:45,0.114938214,0.108723749416288,0.11
2023-09-08 03:04:50,0.121524855,0.11228185261300343,0.102
2023-09-08 03:04:55,0.12447901,0.11699797194198361,0.158
2023-09-08 03:05:00,0.12531567,0.1256904658215588,0.064
2023-09-08 03:05:05,0.1314576,0.1378209016265002,0.162
2023-09-08 03:05:10,0.14953722,0.14601157118140293,0.138
2023-09-08 03:05:15,0.16005944,0.1416235101180742,0.178
2023-09-08 03:05:20,0.15996888,0.12409039238111522,0.096
2023-09-08 03:05:25,0.15174708,0.10303652638912274,0.114
2023-09-08 03:05:30,0.14633231,0.09145839234584027,0.08
2023-09-08 03:05:35,0.10087131,0.09701126969892217,0.11
2023-09-08 03:05:40,0.12436282,0.11667654823742908,0.08
2023-09-08 03:05:45,0.14473094,0.13703724963696956,0.156
2023-09-08 03:05:50,0.152873,0.14254079307586506,0.1639999999999999
2023-09-08 03:05:55,0.15489812,0.12856121892970723,0.138
2023-09-08 03:06:00,0.104120284,0.10726046743921691,0.094
2023-09-08 03:06:05,0.107594095,0.09791658632695535,0.092
2023-09-08 03:06:10,0.12183213,0.1090725165832218,0.052
2023-09-08 03:06:15,0.13414717,0.13038810369665502,0.186
2023-09-08 03:06:20,0.14428629,0.14436695870108782,0.186
2023-09-08 03:06:25,0.14248511,0.145022778059541,0.11
2023-09-08 03:06:30,0.13844746,0.1404425305897399,0.102
2023-09-08 03:06:35,0.13366319,0.13896437882320486,0.17
2023-09-08 03:06:40,0.13017677,0.1403279207120493,0.15
2023-09-08 03:06:45,0.13418993,0.1401122672254577,0.124
2023-09-08 03:06:50,0.13622922,0.13628056535144084,0.136
2023-09-08 03:06:55,0.14161164,0.1307787427188019,0.16
2023-09-08 03:07:00,0.14586039,0.12782416303560293,0.106
2023-09-08 03:07:05,0.14497095,0.12955532636659117,0.076
2023-09-08 03:07:10,0.1453313,0.13319082662521842,0.2339999999999999
2023-09-08 03:07:15,0.135824,0.13547394475745808,0.086
2023-09-08 03:07:20,0.14110225,0.1376068429935991,0.128
2023-09-08 03:07:25,0.1420329,0.1414633744539796,0.146
2023-09-08 03:07:30,0.13888396,0.14413203196291272,0.142
2023-09-08 03:07:35,0.13956788,0.14086665732064393,0.1639999999999999
2023-09-08 03:07:40,0.13095221,0.13214303259013593,0.126
2023-09-08 03:07:45,0.13316701,0.12487499246270684,0.108
2023-09-08 03:07:50,0.13753572,0.1260993217389406,0.144
2023-09-08 03:07:55,0.1390397,0.13582306643383404,0.096
2023-09-08 03:08:00,0.14237896,0.14586906565891994,0.192
2023-09-08 03:08:05,0.14759494,0.14599277703113742,0.1119999999999999
2023-09-08 03:08:10,0.14750001,0.13264894525334076,0.184
2023-09-08 03:08:15,0.14108384,0.1128677925670905,0.076
2023-09-08 03:08:20,0.13391908,0.09893275945016328,0.092
2023-09-08 03:08:25,0.13473506,0.09839028775840021,0.108
2023-09-08 03:08:30,0.11637671,0.1091502431195112,0.096
2023-09-08 03:08:35,0.13569638,0.12341293042673317,0.156
2023-09-08 03:08:40,0.14864305,0.13486044266946157,0.1
2023-09-08 03:08:45,0.1503061,0.1427116698972391,0.174
2023-09-08 03:08:50,0.14942935,0.15117070220865717,0.148
2023-09-08 03:08:55,0.16102809,0.16473787297905948,0.142
2023-09-08 03:09:00,0.1793659,0.18142776073014852,0.156
2023-09-08 03:09:05,0.18808524,0.19167340542730701,0.25
2023-09-08 03:09:10,0.18073536,0.1876252667922318,0.192
2023-09-08 03:09:15,0.16821714,0.17190117070883396,0.128
2023-09-08 03:09:20,0.14858264,0.15340740264454927,0.174
2023-09-08 03:09:25,0.14986363,0.13694323018492494,0.11
2023-09-08 03:09:30,0.15495944,0.12113648745896458,0.16
2023-09-08 03:09:35,0.15518665,0.1055048886208014,0.108
2023-09-08 03:09:40,0.15438788,0.09554710214891662,0.0579999999999999
2023-09-08 03:09:45,0.100711636,0.09956976492443222,0.134
2023-09-08 03:09:50,0.123052515,0.12223118888554428,0.106
2023-09-08 03:09:55,0.14450906,0.16042148967538825,0.1639999999999999
2023-09-08 03:10:00,0.15397298,0.20152487235447988,0.158
2023-09-08 03:10:05,0.15639147,0.22651144331821868,0.29
2023-09-08 03:10:10,0.22391531,0.22097362349929,0.208
2023-09-08 03:10:15,0.20790887,0.18648770666588632,0.18
2023-09-08 03:10:20,0.18732166,0.14071487960242834,0.16
2023-09-08 03:10:25,0.16731103,0.10585712427195149,0.074
2023-09-08 03:10:30,0.16218509,0.09455602735940064,0.076
2023-09-08 03:10:35,0.11264776,0.10331365419668631,0.146
2023-09-08 03:10:40,0.13314064,0.11845917684026876,0.086
2023-09-08 03:10:45,0.14566584,0.12876821780729508,0.182
2023-09-08 03:10:50,0.14725216,0.13268944531352492,0.092
2023-09-08 03:10:55,0.14720748,0.13464974396506277,0.128
2023-09-08 03:11:00,0.13849795,0.1365980172022868,0.144
2023-09-08 03:11:05,0.15116641,0.1356888149447808,0.136
2023-09-08 03:11:10,0.15832053,0.13029780942544472,0.172
2023-09-08 03:11:15,0.15562895,0.1245543764760863,0.066
2023-09-08 03:11:20,0.15161398,0.12378930721520522,0.142
2023-09-08 03:11:25,0.13106614,0.127329728542243,0.1159999999999999
2023-09-08 03:11:30,0.14525595,0.1293681843583774,0.168
2023-09-08 03:11:35,0.15375938,0.12612201317315713,0.1
2023-09-08 03:11:40,0.15231155,0.11882801937427886,0.11
2023-09-08 03:11:45,0.14953884,0.1106086593999722,0.124
2023-09-08 03:11:50,0.1079568,0.1043642904864763,0.1119999999999999
2023-09-08 03:11:55,0.11560015,0.10378582157451377,0.092
2023-09-08 03:12:00,0.12482144,0.11252881314895093,0.118
2023-09-08 03:12:05,0.1308573,0.13000496354861843,0.122
2023-09-08 03:12:10,0.13834168,0.14833181959004607,0.122
2023-09-08 03:12:15,0.15744483,0.1556279073082341,0.212
2023-09-08 03:12:20,0.16135769,0.1453028726615638,0.126
2023-09-08 03:12:25,0.1547941,0.12254415590917236,0.12
2023-09-08 03:12:30,0.14437902,0.1003476446850167,0.094
2023-09-08 03:12:35,0.14087014,0.08970752711903199,0.084
2023-09-08 03:12:40,0.09987162,0.09360453755952292,0.114
2023-09-08 03:12:45,0.11989557,0.10737621375213961,0.064
2023-09-08 03:12:50,0.13730581,0.1231567905112779,0.174
2023-09-08 03:12:55,0.14509785,0.13614074284070646,0.134
2023-09-08 03:13:00,0.14928325,0.14758790023494062,0.118
2023-09-08 03:13:05,0.15880422,0.1603499869531775,0.158
2023-09-08 03:13:10,0.177388,0.17298741211886282,0.2019999999999999
2023-09-08 03:13:15,0.18705872,0.18050801928642773,0.1639999999999999
2023-09-08 03:13:20,0.180519,0.1789040348209005,0.158
2023-09-08 03:13:25,0.16833109,0.16819567293985807,0.23
2023-09-08 03:13:30,0.14833455,0.1535688561004154,0.104
2023-09-08 03:13:35,0.14616132,0.1426755928886088,0.146
2023-09-08 03:13:40,0.14623456,0.13958514805397484,0.132
2023-09-08 03:13:45,0.1446095,0.14329540440347557,0.18
2023-09-08 03:13:50,0.14595856,0.1527432594908586,0.138
2023-09-08 03:13:55,0.16491874,0.1686679837742049,0.158
2023-09-08 03:14:00,0.1851969,0.18758031883319548,0.168
2023-09-08 03:14:05,0.19547595,0.1975972785279371,0.1939999999999999
2023-09-08 03:14:10,0.18777266,0.18680936777617013,0.27
2023-09-08 03:14:15,0.1732986,0.1576053641313762,0.1
2023-09-08 03:14:20,0.11834526,0.12831145484622372,0.13
2023-09-08 03:14:25,0.12025668,0.11771312102038552,0.11
2023-09-08 03:14:30,0.13538244,0.12912105376979888,0.1119999999999999
2023-09-08 03:14:35,0.14687213,0.1494732857218403,0.158
2023-09-08 03:14:40,0.15299468,0.1631284635167852,0.228
2023-09-08 03:14:45,0.1621215,0.1666846147616819,0.118
2023-09-08 03:14:50,0.162488,0.16908329220282922,0.152
2023-09-08 03:14:55,0.15895474,0.17807470608794612,0.19
2023-09-08 03:15:00,0.15180384,0.19048604831896768,0.204
2023-09-08 03:15:05,0.14905207,0.1950584116540281,0.154
2023-09-08 03:15:10,0.18128806,0.18203791424800594,0.226
2023-09-08 03:15:15,0.17033254,0.15336008161032075,0.186
2023-09-08 03:15:20,0.15689099,0.1258943068358351,0.086
2023-09-08 03:15:25,0.1461356,0.11901910556904503,0.08
2023-09-08 03:15:30,0.14602752,0.1348537250677687,0.154
2023-09-08 03:15:35,0.15899393,0.1538907481054589,0.152
2023-09-08 03:15:40,0.17377806,0.15327782394225276,0.196
2023-09-08 03:15:45,0.16833118,0.12976151647794648,0.142
2023-09-08 03:15:50,0.15324259,0.1043760518715765,0.076
2023-09-08 03:15:55,0.14355065,0.10293976364598224,0.064
2023-09-08 03:16:00,0.13840802,0.13043132868717539,0.118
2023-09-08 03:16:05,0.18844022,0.1657943687922501,0.214
2023-09-08 03:16:10,0.22166899,0.18332288014694872,0.206
2023-09-08 03:16:15,0.21929456,0.1776136419202467,0.18
2023-09-08 03:16:20,0.19583489,0.16553420144137598,0.128
2023-09-08 03:16:25,0.15784657,0.16509531448882542,0.128
2023-09-08 03:16:30,0.1768433,0.1766293070318513,0.214
2023-09-08 03:16:35,0.19253434,0.18681686817316104,0.222
2023-09-08 03:16:40,0.1902356,0.186936828171814,0.168
2023-09-08 03:16:45,0.17775536,0.18148661265202365,0.148
2023-09-08 03:16:50,0.17233023,0.1807240174156162,0.244
2023-09-08 03:16:55,0.1801464,0.18956686474400752,0.108
2023-09-08 03:17:00,0.18178694,0.20251339172186944,0.23
2023-09-08 03:17:05,0.17349212,0.20771466219555032,0.25
2023-09-08 03:17:10,0.1644342,0.19834586316590616,0.17
2023-09-08 03:17:15,0.17356695,0.17981483726914893,0.1939999999999999
2023-09-08 03:17:20,0.16363882,0.1638305993314957,0.148
2023-09-08 03:17:25,0.15875772,0.15605455587332115,0.12
2023-09-08 03:17:30,0.15444699,0.1511850154316985,0.196
2023-09-08 03:17:35,0.1545687,0.14108977047032822,0.172
2023-09-08 03:17:40,0.123784624,0.1259775173857133,0.06
2023-09-08 03:17:45,0.12352926,0.11475531735397405,0.1639999999999999
2023-09-08 03:17:50,0.12928174,0.1163383010551255,0.08
2023-09-08 03:17:55,0.13401031,0.1328723324696544,0.166
2023-09-08 03:18:00,0.14048272,0.1578329487813065,0.102
2023-09-08 03:18:05,0.17739514,0.17858890727922502,0.208
2023-09-08 03:18:10,0.19175439,0.1855813763803005,0.26
2023-09-08 03:18:15,0.18821391,0.18139961754244208,0.086
2023-09-08 03:18:20,0.17244712,0.17653645112596045,0.2019999999999999
2023-09-08 03:18:25,0.15909526,0.17565246712397267,0.17
2023-09-08 03:18:30,0.17015852,0.17329086574394048,0.154
2023-09-08 03:18:35,0.17249437,0.16492098263285873,0.256
2023-09-08 03:18:40,0.16500242,0.1585480857896835,0.11
2023-09-08 03:18:45,0.15331818,0.16947770305096793,0.118
2023-09-08 03:18:50,0.14807144,0.20129361019436695,0.214
2023-09-08 03:18:55,0.22830111,0.2378211188209393,0.262
2023-09-08 03:19:00,0.25127634,0.25865477391791425,0.3
2023-09-08 03:19:05,0.24454805,0.2589496852879802,0.212
2023-09-08 03:19:10,0.21476439,0.25036087938659374,0.278
2023-09-08 03:19:15,0.18726388,0.24477934230286938,0.192
2023-09-08 03:19:20,0.23553653,0.2400324780402358,0.2319999999999999
2023-09-08 03:19:25,0.23478149,0.22331954352116473,0.3
2023-09-08 03:19:30,0.22358768,0.18964869628599013,0.188
2023-09-08 03:19:35,0.20258224,0.15321658736929653,0.102
2023-09-08 03:19:40,0.1865172,0.13649390798996358,0.152
2023-09-08 03:19:45,0.14843844,0.14994961345245097,0.148
2023-09-08 03:19:50,0.18951759,0.1832986219147039,0.142
2023-09-08 03:19:55,0.2186844,0.21387244793322896,0.262
2023-09-08 03:20:00,0.21625638,0.22569451994363554,0.284
2023-09-08 03:20:05,0.19441368,0.2230536091394853,0.1639999999999999
2023-09-08 03:20:10,0.21635649,0.22167543345324825,0.166
2023-09-08 03:20:15,0.22030666,0.22693317752387435,0.278
2023-09-08 03:20:20,0.2261891,0.22840554129212604,0.2239999999999999
2023-09-08 03:20:25,0.21741763,0.21721007957620417,0.254
2023-09-08 03:20:30,0.20146438,0.2019309717732994,0.208
2023-09-08 03:20:35,0.1905536,0.20238804315568804,0.132
2023-09-08 03:20:40,0.20464419,0.22740092119930566,0.218
2023-09-08 03:20:45,0.2174743,0.26274297221960996,0.308
2023-09-08 03:20:50,0.2117455,0.28478736635809143,0.324
2023-09-08 03:20:55,0.1949687,0.2827456928034673,0.228
2023-09-08 03:21:00,0.24951948,0.26328532793385906,0.294
2023-09-08 03:21:05,0.25181845,0.23770742310613188,0.17
2023-09-08 03:21:10,0.23367709,0.21211248383446132,0.294
2023-09-08 03:21:15,0.20508856,0.1909154358336081,0.158
2023-09-08 03:21:20,0.17897832,0.18331983560808207,0.228
2023-09-08 03:21:25,0.18852559,0.19808846041668648,0.096
2023-09-08 03:21:30,0.20693874,0.2301990147911517,0.272
2023-09-08 03:21:35,0.20841224,0.2593253298173315,0.288
2023-09-08 03:21:40,0.19483005,0.2668980230642526,0.282
2023-09-08 03:21:45,0.17436375,0.2522729872715499,0.2239999999999999
2023-09-08 03:21:50,0.21102104,0.23042768212575535,0.21
2023-09-08 03:21:55,0.20720115,0.2188532123840681,0.276
2023-09-08 03:22:00,0.19124348,0.22822408916009232,0.18
2023-09-08 03:22:05,0.172305,0.2579106162409722,0.228
2023-09-08 03:22:10,0.15765068,0.2950778848080154,0.386
2023-09-08 03:22:15,0.29838645,0.3204573740702003,0.24
2023-09-08 03:22:20,0.3135017,0.3170754598252455,0.3279999999999999
2023-09-08 03:22:25,0.29568824,0.2776961212973345,0.3279999999999999
2023-09-08 03:22:30,0.25478965,0.21202448195431867,0.228
2023-09-08 03:22:35,0.21172194,0.14557057967531128,0.07
2023-09-08 03:22:40,0.106819555,0.1031874402894013,0.094
2023-09-08 03:22:45,0.13101688,0.09420282001652999,0.166
2023-09-08 03:22:50,0.14907378,0.1161072101453294,0.11
2023-09-08 03:22:55,0.15568045,0.16332593517644292,0.11
2023-09-08 03:23:00,0.15061751,0.22341064135611433,0.23
2023-09-08 03:23:05,0.28172898,0.2720232105448889,0.252
2023-09-08 03:23:10,0.279174,0.2860256444706715,0.3879999999999999
2023-09-08 03:23:15,0.25262722,0.2655418802310892,0.262
2023-09-08 03:23:20,0.21609186,0.23504881649970286,0.114
2023-09-08 03:23:25,0.18507774,0.2170007439150056,0.266
2023-09-08 03:23:30,0.21108198,0.210222302441303,0.214
2023-09-08 03:23:35,0.22450955,0.1988190739342459,0.218
2023-09-08 03:23:40,0.2193159,0.1758614368582586,0.2239999999999999
2023-09-08 03:23:45,0.20016567,0.1516187957735152,0.054
2023-09-08 03:23:50,0.17716874,0.14033627458318962,0.168
2023-09-08 03:23:55,0.13776779,0.14579517641511577,0.166
2023-09-08 03:24:00,0.15619256,0.16266199254999222,0.166
2023-09-08 03:24:05,0.16568407,0.18606302222938534,0.168
2023-09-08 03:24:10,0.16469109,0.21451532324470726,0.2319999999999999
2023-09-08 03:24:15,0.15547398,0.24617736978632176,0.216
2023-09-08 03:24:20,0.26982713,0.2762975422003217,0.314
2023-09-08 03:24:25,0.28023136,0.2980162992246799,0.284
2023-09-08 03:24:30,0.2638756,0.30334001699885316,0.262
2023-09-08 03:24:35,0.2301661,0.2846305615539517,0.336
2023-09-08 03:24:40,0.19558576,0.24098786547585638,0.254
2023-09-08 03:24:45,0.15282279,0.18500230575337426,0.1639999999999999
2023-09-08 03:24:50,0.13528384,0.13807840515019407,0.122
2023-09-08 03:24:55,0.11991849,0.11612100630564968,0.108
2023-09-08 03:25:00,0.11562111,0.12104463017661028,0.158
2023-09-08 03:25:05,0.12046548,0.14396622608519197,0.128
2023-09-08 03:25:10,0.17388779,0.1711933152164586,0.128
2023-09-08 03:25:15,0.1785766,0.18876552552093828,0.24
2023-09-08 03:25:20,0.17364782,0.19089377136630148,0.22
2023-09-08 03:25:25,0.16386583,0.18746236342493175,0.168
2023-09-08 03:25:30,0.15315875,0.19573935941517495,0.13
2023-09-08 03:25:35,0.21940264,0.22070074527590233,0.244
2023-09-08 03:25:40,0.23015489,0.24875743362996178,0.298
2023-09-08 03:25:45,0.22189969,0.2624738061531017,0.238
2023-09-08 03:25:50,0.20074065,0.2561738489966892,0.24
2023-09-08 03:25:55,0.17708361,0.23738774280531966,0.294
2023-09-08 03:26:00,0.19949491,0.21864611755010283,0.148
2023-09-08 03:26:05,0.19576928,0.20790579287722624,0.204
2023-09-08 03:26:10,0.18166474,0.2047690023559216,0.286
2023-09-08 03:26:15,0.1656,0.2056501050865348,0.138
2023-09-08 03:26:20,0.15343031,0.20879142760073877,0.216
2023-09-08 03:26:25,0.20884998,0.21235215042698352,0.236
2023-09-08 03:26:30,0.20978668,0.2126987529480683,0.184
2023-09-08 03:26:35,0.19706702,0.20733076342397708,0.244
2023-09-08 03:26:40,0.17865825,0.19706428289886474,0.178
2023-09-08 03:26:45,0.16206121,0.1836224718976458,0.158
2023-09-08 03:26:50,0.16093981,0.16623027241445223,0.19
2023-09-08 03:26:55,0.15710485,0.14393603035838295,0.158
2023-09-08 03:27:00,0.14894688,0.12236487063791071,0.128
2023-09-08 03:27:05,0.14250754,0.11412286444863176,0.086
2023-09-08 03:27:10,0.13880944,0.12870768643647648,0.128
2023-09-08 03:27:15,0.16194835,0.16252858431400755,0.144
2023-09-08 03:27:20,0.1900325,0.20075066434889494,0.264
2023-09-08 03:27:25,0.2017466,0.2284425366987422,0.178
2023-09-08 03:27:30,0.19461577,0.2386557588615411,0.248
2023-09-08 03:27:35,0.17538446,0.23279310379800866,0.258
2023-09-08 03:27:40,0.20699541,0.21823890697971102,0.198
2023-09-08 03:27:45,0.20178556,0.20457288046475333,0.208
2023-09-08 03:27:50,0.18554252,0.19733977363653868,0.1639999999999999
2023-09-08 03:27:55,0.16764359,0.19515498157498598,0.244
2023-09-08 03:28:00,0.15448602,0.194654200381485,0.192
2023-09-08 03:28:05,0.18936905,0.1956789565742722,0.182
2023-09-08 03:28:10,0.19143835,0.1979229094656143,0.152
2023-09-08 03:28:15,0.1825054,0.1955715261874828,0.266
2023-09-08 03:28:20,0.16893223,0.18164776279261768,0.15
2023-09-08 03:28:25,0.1560916,0.15765368854274836,0.19
2023-09-08 03:28:30,0.1238347,0.13449207839710198,0.096
2023-09-08 03:28:35,0.12726134,0.12245458942863789,0.13
2023-09-08 03:28:40,0.12954846,0.12133658479634728,0.1
2023-09-08 03:28:45,0.13222839,0.12121241921278447,0.154
2023-09-08 03:28:50,0.13328768,0.11350442633648827,0.128
2023-09-08 03:28:55,0.100755036,0.1005023993282692,0.09
2023-09-08 03:29:00,0.10799423,0.09216362294498606,0.0559999999999999
2023-09-08 03:29:05,0.11630216,0.09451444499427976,0.1119999999999999
2023-09-08 03:29:10,0.12461386,0.10449131100964748,0.126
2023-09-08 03:29:15,0.12898742,0.11541382627242823,0.1
2023-09-08 03:29:20,0.1234219,0.12295670831407435,0.1159999999999999
2023-09-08 03:29:25,0.13639903,0.1255315681378999,0.136
2023-09-08 03:29:30,0.14471397,0.12322376801508342,0.134
2023-09-08 03:29:35,0.1473293,0.1176618834631159,0.086
2023-09-08 03:29:40,0.14390677,0.11121065729250053,0.13
2023-09-08 03:29:45,0.10605996,0.10692933347632627,0.126
2023-09-08 03:29:50,0.11702998,0.10972256259268252,0.086
2023-09-08 03:29:55,0.12684014,0.12419183925741101,0.124
2023-09-08 03:30:00,0.13377829,0.14872288404118608,0.158
2023-09-08 03:30:05,0.13519393,0.17241504624583978,0.124
2023-09-08 03:30:10,0.18991466,0.18046554137702453,0.252
2023-09-08 03:30:15,0.18554895,0.1660599903783187,0.168
2023-09-08 03:30:20,0.1724232,0.13725556837140443,0.088
2023-09-08 03:30:25,0.1588111,0.10950891972634094,0.136
2023-09-08 03:30:30,0.14885475,0.09217075019218235,0.06
2023-09-08 03:30:35,0.09222677,0.08428844501728208,0.118
2023-09-08 03:30:40,0.108946666,0.08155299780815227,0.084
2023-09-08 03:30:45,0.124577366,0.08388565461769884,0.08
2023-09-08 03:30:50,0.13484631,0.09479908425220994,0.078
2023-09-08 03:30:55,0.13658857,0.1143922266700044,0.1159999999999999
2023-09-08 03:31:00,0.13857932,0.1353997848981765,0.138
2023-09-08 03:31:05,0.15657562,0.1473442448421126,0.16
2023-09-08 03:31:10,0.16563572,0.1444481426637658,0.134
2023-09-08 03:31:15,0.16441785,0.13022346648492353,0.152
2023-09-08 03:31:20,0.15522368,0.1153938032326694,0.098
2023-09-08 03:31:25,0.10569471,0.11029309831983083,0.09
2023-09-08 03:31:30,0.11762873,0.11739463576311979,0.138
2023-09-08 03:31:35,0.12810634,0.13053633305945211,0.14
2023-09-08 03:31:40,0.13512385,0.14001834950227185,0.108
2023-09-08 03:31:45,0.13616447,0.13800535934336572,0.152
2023-09-08 03:31:50,0.12152231,0.12373108055628224,0.168
2023-09-08 03:31:55,0.12213322,0.1072333896916592,0.08
2023-09-08 03:32:00,0.122983664,0.10353467774893085,0.072
2023-09-08 03:32:05,0.12626186,0.11835844757447568,0.11
2023-09-08 03:32:10,0.12916692,0.1422409882469341,0.19
2023-09-08 03:32:15,0.1665154,0.16108256481432004,0.1639999999999999
2023-09-08 03:32:20,0.1724613,0.1684624852522363,0.13
2023-09-08 03:32:25,0.16950415,0.16601899953185983,0.172
2023-09-08 03:32:30,0.16154277,0.15843025214067413,0.2019999999999999
2023-09-08 03:32:35,0.15186782,0.15181781910259792,0.124
2023-09-08 03:32:40,0.14384271,0.15083192514292645,0.104
2023-09-08 03:32:45,0.15521945,0.1534865233134747,0.2
2023-09-08 03:32:50,0.15932181,0.15407936507082867,0.19
2023-09-08 03:32:55,0.15692948,0.15211358523243618,0.108
2023-09-08 03:33:00,0.14971963,0.15158465831374013,0.122
2023-09-08 03:33:05,0.14989485,0.1519255063268272,0.186
2023-09-08 03:33:10,0.15759438,0.1476813068393718,0.182
2023-09-08 03:33:15,0.15840909,0.13711349013542143,0.088
2023-09-08 03:33:20,0.15455736,0.12443705197436346,0.126
2023-09-08 03:33:25,0.14776091,0.11449218839435779,0.14
2023-09-08 03:33:30,0.10814781,0.11069649622815596,0.108
2023-09-08 03:33:35,0.12109546,0.11606378286192971,0.104
2023-09-08 03:33:40,0.131824,0.13064042818241356,0.1
2023-09-08 03:33:45,0.13822475,0.1491345062879476,0.218
2023-09-08 03:33:50,0.13822465,0.164452144331641,0.124
2023-09-08 03:33:55,0.17187594,0.1718414590080913,0.144
2023-09-08 03:34:00,0.17448515,0.16929586364218968,0.236
2023-09-08 03:34:05,0.16862269,0.15850591398421096,0.128
2023-09-08 03:34:10,0.15940312,0.14528148579338776,0.128
2023-09-08 03:34:15,0.15011995,0.1349385775604937,0.136
2023-09-08 03:34:20,0.12470265,0.12869672620358655,0.162
2023-09-08 03:34:25,0.13508457,0.12641232252988208,0.1119999999999999
2023-09-08 03:34:30,0.14157926,0.12853294924986455,0.098
2023-09-08 03:34:35,0.14392935,0.13327197586513007,0.158
2023-09-08 03:34:40,0.14146633,0.13642401545427268,0.15
2023-09-08 03:34:45,0.13293572,0.13653954816677158,0.1159999999999999
2023-09-08 03:34:50,0.14003278,0.13783687203802242,0.156
2023-09-08 03:34:55,0.1431507,0.14662396531444824,0.136
2023-09-08 03:35:00,0.14350937,0.16506111156769857,0.142
2023-09-08 03:35:05,0.1407685,0.18802649335163016,0.212
2023-09-08 03:35:10,0.21154328,0.20633416911688388,0.228
2023-09-08 03:35:15,0.2133239,0.2131458835811892,0.14
2023-09-08 03:35:20,0.20066372,0.2086311314674937,0.298
2023-09-08 03:35:25,0.18159868,0.2026874098029494,0.19
2023-09-08 03:35:30,0.16391851,0.21216415094117622,0.1639999999999999
2023-09-08 03:35:35,0.2408314,0.2479576738903856,0.25
2023-09-08 03:35:40,0.26389983,0.30246780325292955,0.33
2023-09-08 03:35:45,0.26004505,0.35146980552368123,0.324
2023-09-08 03:35:50,0.23339365,0.36763188354280263,0.366
2023-09-08 03:35:55,0.19913541,0.3366520981415495,0.384
2023-09-08 03:36:00,0.25706613,0.2699915502695884,0.306
2023-09-08 03:36:05,0.22347258,0.20207198442753088,0.1159999999999999
2023-09-08 03:36:10,0.18156533,0.16562940494117628,0.148
2023-09-08 03:36:15,0.15155642,0.1664089632304821,0.1939999999999999
2023-09-08 03:36:20,0.14092685,0.1841383420757185,0.23
2023-09-08 03:36:25,0.21204673,0.19419021444618018,0.136
2023-09-08 03:36:30,0.22104783,0.1845178404948744,0.21
2023-09-08 03:36:35,0.21283227,0.1596815680756074,0.208
2023-09-08 03:36:40,0.19352174,0.13666184762849024,0.09
2023-09-08 03:36:45,0.17231947,0.1312556030989453,0.088
2023-09-08 03:36:50,0.13976587,0.14182129544586564,0.152
2023-09-08 03:36:55,0.16657948,0.15069824539173024,0.212
2023-09-08 03:37:00,0.18103403,0.14546465254715557,0.156
2023-09-08 03:37:05,0.17943177,0.1332220757771905,0.08
2023-09-08 03:37:10,0.16574958,0.1298299848367071,0.126
2023-09-08 03:37:15,0.13552852,0.140180343758311,0.138
2023-09-08 03:37:20,0.15503375,0.15424096272375887,0.182
2023-09-08 03:37:25,0.16554913,0.15989650565690308,0.168
2023-09-08 03:37:30,0.1650867,0.15461517801770325,0.142
2023-09-08 03:37:35,0.15585019,0.14425400930248058,0.118
2023-09-08 03:37:40,0.12912995,0.13502410669768572,0.168
2023-09-08 03:37:45,0.13676636,0.12982201006488325,0.134
2023-09-08 03:37:50,0.14084047,0.1290121663436623,0.086
2023-09-08 03:37:55,0.14214046,0.13048523302616982,0.154
2023-09-08 03:38:00,0.13999891,0.1312991835689994,0.17
2023-09-08 03:38:05,0.12756884,0.13171560107447086,0.086
2023-09-08 03:38:10,0.13801387,0.1344056481153586,0.12
2023-09-08 03:38:15,0.14409152,0.1394821118258649,0.19
2023-09-08 03:38:20,0.14573313,0.14436440849799695,0.118
2023-09-08 03:38:25,0.14258881,0.14694224105416123,0.146
2023-09-08 03:38:30,0.14357491,0.14525230738985642,0.114
2023-09-08 03:38:35,0.15035778,0.1375658690589233,0.226
2023-09-08 03:38:40,0.15159757,0.12611782617428696,0.0579999999999999
2023-09-08 03:38:45,0.1493282,0.11657380042722194,0.1
2023-09-08 03:38:50,0.14436905,0.11201296699308755,0.1639999999999999
2023-09-08 03:38:55,0.11120468,0.11196143445453464,0.09
2023-09-08 03:39:00,0.1250727,0.1168561305246745,0.126
2023-09-08 03:39:05,0.13589215,0.12802885773461575,0.094
2023-09-08 03:39:10,0.14151894,0.14325262534036176,0.198
2023-09-08 03:39:15,0.14039893,0.15533802788893578,0.078
2023-09-08 03:39:20,0.15823375,0.1558611275333378,0.236
2023-09-08 03:39:25,0.15865706,0.14146668933118575,0.11
2023-09-08 03:39:30,0.15356775,0.11782829107818103,0.11
2023-09-08 03:39:35,0.14775293,0.09694850263224634,0.12
2023-09-08 03:39:40,0.14255813,0.09003317069647734,0.066
2023-09-08 03:39:45,0.10106239,0.1013838747720724,0.088
2023-09-08 03:39:50,0.12330332,0.12689379753612104,0.166
2023-09-08 03:39:55,0.14100792,0.15793754077177172,0.142
2023-09-08 03:40:00,0.14901167,0.18599873711911322,0.166
2023-09-08 03:40:05,0.1461463,0.20395142166327423,0.2239999999999999
2023-09-08 03:40:10,0.20782317,0.20738470422071856,0.222
2023-09-08 03:40:15,0.20160273,0.1970997239417464,0.184
2023-09-08 03:40:20,0.18453588,0.17753269647658798,0.14
2023-09-08 03:40:25,0.166495,0.15261616407036172,0.21
2023-09-08 03:40:30,0.15350021,0.12637576378645063,0.1159999999999999
2023-09-08 03:40:35,0.10132831,0.10518594539005323,0.086
2023-09-08 03:40:40,0.110439666,0.09389548087651947,0.066
2023-09-08 03:40:45,0.119850494,0.09161707809843164,0.144
2023-09-08 03:40:50,0.12801358,0.09632473862833826,0.114
2023-09-08 03:40:55,0.13135731,0.10996853813496091,0.05
2023-09-08 03:41:00,0.13074487,0.13247561399717087,0.126
2023-09-08 03:41:05,0.15407576,0.15425902974834887,0.1939999999999999
2023-09-08 03:41:10,0.1677486,0.1626167789411693,0.166
2023-09-08 03:41:15,0.1684045,0.15501042910072443,0.16
2023-09-08 03:41:20,0.15840086,0.14116103735138602,0.11
2023-09-08 03:41:25,0.12494005,0.13254855766718054,0.136
2023-09-08 03:41:30,0.13528523,0.1331067170805574,0.154
2023-09-08 03:41:35,0.14172854,0.1391482761768823,0.1159999999999999
2023-09-08 03:41:40,0.1440276,0.14445299190218303,0.148
2023-09-08 03:41:45,0.14152932,0.1456291796165032,0.174
2023-09-08 03:41:50,0.14435151,0.1458872268066916,0.14
2023-09-08 03:41:55,0.1475923,0.15273889589185186,0.13
2023-09-08 03:42:00,0.13944748,0.1687072870133139,0.144
2023-09-08 03:42:05,0.13567738,0.18559730941612518,0.24
2023-09-08 03:42:10,0.13662092,0.1907546716729889,0.17
2023-09-08 03:42:15,0.17798132,0.17752648802812643,0.176
2023-09-08 03:42:20,0.16438209,0.14871164184600272,0.148
2023-09-08 03:42:25,0.14290868,0.11362938526100856,0.142
2023-09-08 03:42:30,0.13498938,0.08325114177132185,0.034
2023-09-08 03:42:35,0.13816844,0.06415511330306792,0.084
2023-09-08 03:42:40,0.055572875,0.05496091995154286,0.0579999999999999
2023-09-08 03:42:45,0.071189865,0.04969480201393571,0.048
2023-09-08 03:42:50,0.072016776,0.04473470309084774,0.052
2023-09-08 03:42:55,0.082240336,0.04258320695823792,0.048
2023-09-08 03:43:00,0.100919366,0.049753779871799346,0.04
2023-09-08 03:43:05,0.07149618,0.06994319942953406,0.06
2023-09-08 03:43:10,0.1051791,0.09757261276542535,0.08
2023-09-08 03:43:15,0.11862179,0.11944367751134981,0.152
2023-09-08 03:43:20,0.12642068,0.12582175143931515,0.158
2023-09-08 03:43:25,0.1318036,0.11963994677390266,0.06
2023-09-08 03:43:30,0.11439175,0.11283509019713747,0.136
2023-09-08 03:43:35,0.12251229,0.11546577865448875,0.1159999999999999
2023-09-08 03:43:40,0.122770675,0.12978488183127648,0.132
2023-09-08 03:43:45,0.12849022,0.15035020568820198,0.1159999999999999
2023-09-08 03:43:50,0.13502043,0.1668751978627996,0.208
2023-09-08 03:43:55,0.16869774,0.17059775522803916,0.18
2023-09-08 03:44:00,0.16601947,0.16050056766831056,0.12
2023-09-08 03:44:05,0.1477411,0.14290041034788625,0.1639999999999999
2023-09-08 03:44:10,0.13597406,0.12708883122762796,0.15
2023-09-08 03:44:15,0.13428518,0.12198328284848742,0.088
2023-09-08 03:44:20,0.13354248,0.13178427419709346,0.1159999999999999
2023-09-08 03:44:25,0.15872733,0.15194400361502663,0.204
2023-09-08 03:44:30,0.1673567,0.17142245096985415,0.118
2023-09-08 03:44:35,0.16703317,0.17947191882748198,0.222
2023-09-08 03:44:40,0.15990454,0.1708096395963771,0.152
2023-09-08 03:44:45,0.14995688,0.14772492948867677,0.15
2023-09-08 03:44:50,0.13335396,0.11977043169902549,0.13
2023-09-08 03:44:55,0.11389456,0.10080454037286006,0.108
2023-09-08 03:45:00,0.11205322,0.1024655685046814,0.07
2023-09-08 03:45:05,0.12210893,0.1256052073069586,0.118
2023-09-08 03:45:10,0.15574242,0.15768803642580012,0.182
2023-09-08 03:45:15,0.1863715,0.1824592169833342,0.184
2023-09-08 03:45:20,0.18582633,0.19402329684999228,0.246
2023-09-08 03:45:25,0.17020378,0.19903844980699947,0.11
2023-09-08 03:45:30,0.15290761,0.2033554041395391,0.204
2023-09-08 03:45:35,0.20146178,0.20096885894447597,0.248
2023-09-08 03:45:40,0.19837171,0.1816121627988198,0.182
2023-09-08 03:45:45,0.17445338,0.14658071333821326,0.15
2023-09-08 03:45:50,0.15538408,0.11167134859151161,0.084
2023-09-08 03:45:55,0.14882123,0.09543843827670487,0.114
2023-09-08 03:46:00,0.107939996,0.10648799766963025,0.088
2023-09-08 03:46:05,0.14073335,0.13843879528789946,0.146
2023-09-08 03:46:10,0.15623774,0.17254238485355855,0.15
2023-09-08 03:46:15,0.16047114,0.18723279944960186,0.212
2023-09-08 03:46:20,0.1567455,0.1727185696956831,0.222
2023-09-08 03:46:25,0.14116225,0.14012873104192278,0.1
2023-09-08 03:46:30,0.12095902,0.11277635182043487,0.078
2023-09-08 03:46:35,0.10599914,0.10551420900234172,0.118
2023-09-08 03:46:40,0.11442989,0.11442778695765496,0.124
2023-09-08 03:46:45,0.12862666,0.1261974383891416,0.146
2023-09-08 03:46:50,0.1338177,0.13298197796197667,0.134
2023-09-08 03:46:55,0.14113559,0.13686061193501406,0.0819999999999999
2023-09-08 03:47:00,0.1358332,0.14440623421440293,0.236
2023-09-08 03:47:05,0.13387418,0.16027321707186512,0.0819999999999999
2023-09-08 03:47:10,0.13497286,0.18214999484794855,0.182
2023-09-08 03:47:15,0.19683896,0.19882985152258809,0.226
2023-09-08 03:47:20,0.20968698,0.19785535514929564,0.21
2023-09-08 03:47:25,0.19455114,0.17853252012329715,0.186
2023-09-08 03:47:30,0.17463975,0.15469214338091267,0.136
2023-09-08 03:47:35,0.15975069,0.14264043353538663,0.108
2023-09-08 03:47:40,0.14835738,0.14783048861203973,0.188
2023-09-08 03:47:45,0.16787173,0.16385281808579652,0.158
2023-09-08 03:47:50,0.16928273,0.18114223473326277,0.178
2023-09-08 03:47:55,0.16344382,0.19373239786697627,0.192
2023-09-08 03:48:00,0.15522856,0.20000824868779898,0.216
2023-09-08 03:48:05,0.19962582,0.2007827708426807,0.172
2023-09-08 03:48:10,0.20335864,0.19728639320933614,0.21
2023-09-08 03:48:15,0.19015633,0.19101521096619228,0.21
2023-09-08 03:48:20,0.17859125,0.18534742144392224,0.166
2023-09-08 03:48:25,0.16936143,0.1845967818078198,0.192
2023-09-08 03:48:30,0.1884693,0.18923799254336746,0.16
2023-09-08 03:48:35,0.20408003,0.19352225404278656,0.226
2023-09-08 03:48:40,0.19912513,0.1902563128061709,0.19
2023-09-08 03:48:45,0.18826799,0.17753375957942813,0.192
2023-09-08 03:48:50,0.17434222,0.1588359388962906,0.08
2023-09-08 03:48:55,0.14195524,0.13828206627436332,0.256
2023-09-08 03:49:00,0.13645409,0.11903074289798113,0.03
2023-09-08 03:49:05,0.12618475,0.1042616528887846,0.108
2023-09-08 03:49:10,0.12749788,0.09749938691700788,0.176
2023-09-08 03:49:15,0.13378645,0.10348388392328042,0.03
2023-09-08 03:49:20,0.12717617,0.1255675209895104,0.148
2023-09-08 03:49:25,0.1632384,0.1575236850407152,0.118
2023-09-08 03:49:30,0.17900299,0.1817369216880112,0.21
2023-09-08 03:49:35,0.17963408,0.18219971448849057,0.248
2023-09-08 03:49:40,0.1686312,0.15964281921097492,0.08
2023-09-08 03:49:45,0.13244244,0.13116446734997222,0.15
2023-09-08 03:49:50,0.11940116,0.11714766662494988,0.134
2023-09-08 03:49:55,0.1060226,0.13045804055322544,0.14
2023-09-08 03:50:00,0.10824115,0.1699136211345592,0.1
2023-09-08 03:50:05,0.12144738,0.21558820560517075,0.218
2023-09-08 03:50:10,0.24081168,0.2370423862412141,0.326
2023-09-08 03:50:15,0.23198707,0.21770376235547534,0.198
2023-09-08 03:50:20,0.19283023,0.17133957052877125,0.168
2023-09-08 03:50:25,0.16216516,0.12993262433963,0.076
2023-09-08 03:50:30,0.15170345,0.11652171178963476,0.15
2023-09-08 03:50:35,0.13466461,0.1306573231262572,0.108
2023-09-08 03:50:40,0.17310445,0.1548559964025199,0.186
2023-09-08 03:50:45,0.19095951,0.17079868154614855,0.15
2023-09-08 03:50:50,0.19234185,0.17232293682803407,0.2239999999999999
2023-09-08 03:50:55,0.17819455,0.16786456154915141,0.122
2023-09-08 03:51:00,0.16977711,0.17069731578126535,0.1639999999999999
2023-09-08 03:51:05,0.18915585,0.18495829037192685,0.18
2023-09-08 03:51:10,0.19297783,0.20114619128898692,0.2239999999999999
2023-09-08 03:51:15,0.18922904,0.20546057273543947,0.174
2023-09-08 03:51:20,0.17715515,0.19380371704762492,0.294
2023-09-08 03:51:25,0.17527151,0.1770342984128072,0.068
2023-09-08 03:51:30,0.16919334,0.17101327453244672,0.196
2023-09-08 03:51:35,0.1585268,0.18142771283459477,0.192
2023-09-08 03:51:40,0.15701729,0.19991488580912464,0.196
2023-09-08 03:51:45,0.15750067,0.21231344485340095,0.204
2023-09-08 03:51:50,0.20879038,0.20876796002018783,0.218
2023-09-08 03:51:55,0.19900632,0.19105035598787184,0.24
2023-09-08 03:52:00,0.17426805,0.1735296952808873,0.108
2023-09-08 03:52:05,0.1591152,0.1729576596863701,0.19
2023-09-08 03:52:10,0.15567558,0.19363399093474293,0.178
2023-09-08 03:52:15,0.22157617,0.22279279354910944,0.22
2023-09-08 03:52:20,0.24981807,0.24104779172838622,0.286
2023-09-08 03:52:25,0.24151962,0.2377857341091631,0.2319999999999999
2023-09-08 03:52:30,0.21965186,0.21709536134800833,0.174
2023-09-08 03:52:35,0.19316271,0.19082598095588663,0.222
2023-09-08 03:52:40,0.17142212,0.16991010150325359,0.166
2023-09-08 03:52:45,0.16978666,0.16213946487892056,0.166
2023-09-08 03:52:50,0.16303633,0.17136461930794053,0.168
2023-09-08 03:52:55,0.16377725,0.19317192037038358,0.158
2023-09-08 03:53:00,0.1625153,0.21298942747535382,0.2239999999999999
2023-09-08 03:53:05,0.21597144,0.21507708642812431,0.284
2023-09-08 03:53:10,0.20466463,0.19718009901111766,0.148
2023-09-08 03:53:15,0.1759384,0.17382936158592263,0.17
2023-09-08 03:53:20,0.1583142,0.16371769611745887,0.172
2023-09-08 03:53:25,0.154343,0.17530705965407992,0.166
2023-09-08 03:53:30,0.20063314,0.20185524001276464,0.182
2023-09-08 03:53:35,0.24015266,0.22590029931218247,0.26
2023-09-08 03:53:40,0.24733819,0.23036106824904257,0.218
2023-09-08 03:53:45,0.23470984,0.21029501361041467,0.24
2023-09-08 03:53:50,0.20593843,0.17623088166873152,0.152
2023-09-08 03:53:55,0.15008599,0.14584640691616857,0.132
2023-09-08 03:54:00,0.15018608,0.13152262821802185,0.134
2023-09-08 03:54:05,0.15275894,0.134764128336412,0.158
2023-09-08 03:54:10,0.16540776,0.14909568068130466,0.14
2023-09-08 03:54:15,0.16796805,0.16400434061105557,0.106
2023-09-08 03:54:20,0.16777979,0.16878995225301538,0.262
2023-09-08 03:54:25,0.16830081,0.16094614385340225,0.14
2023-09-08 03:54:30,0.15056704,0.1518924106495735,0.13
2023-09-08 03:54:35,0.13638888,0.15843875008284322,0.158
2023-09-08 03:54:40,0.13309745,0.18650434131346283,0.176
2023-09-08 03:54:45,0.22128934,0.22406957588796708,0.21
2023-09-08 03:54:50,0.2579838,0.24945148362591577,0.306
2023-09-08 03:54:55,0.25329167,0.2472530941877822,0.21
2023-09-08 03:55:00,0.22956559,0.21900621199398904,0.25
2023-09-08 03:55:05,0.19820824,0.18104379188443734,0.16
2023-09-08 03:55:10,0.1543904,0.15276171568529073,0.154
2023-09-08 03:55:15,0.14947316,0.14393820262152712,0.1
2023-09-08 03:55:20,0.14232625,0.15017421485340407,0.2239999999999999
2023-09-08 03:55:25,0.14390025,0.15953767252594583,0.1119999999999999
2023-09-08 03:55:30,0.14816709,0.16268565386059697,0.17
2023-09-08 03:55:35,0.15781231,0.1582833574322491,0.1939999999999999
2023-09-08 03:55:40,0.15606979,0.15331749473587883,0.12
2023-09-08 03:55:45,0.14278968,0.15862097964071364,0.1639999999999999
2023-09-08 03:55:50,0.13562314,0.18011742804744793,0.19
2023-09-08 03:55:55,0.13620315,0.21143795778651658,0.156
2023-09-08 03:56:00,0.23809987,0.23475686610284532,0.292
2023-09-08 03:56:05,0.24946977,0.2317794142726325,0.238
2023-09-08 03:56:10,0.22838849,0.19757782328527584,0.16
2023-09-08 03:56:15,0.20388526,0.14609802790785778,0.2019999999999999
2023-09-08 03:56:20,0.18418969,0.10407203035553554,0.092
2023-09-08 03:56:25,0.09071062,0.09570506895834764,0.034
2023-09-08 03:56:30,0.12308585,0.1250840290611581,0.11
2023-09-08 03:56:35,0.14907303,0.17303155434895068,0.288
2023-09-08 03:56:40,0.17215694,0.2139969019893581,0.142
2023-09-08 03:56:45,0.17373525,0.2325546795408273,0.198
2023-09-08 03:56:50,0.22992109,0.22651407803667764,0.308
2023-09-08 03:56:55,0.21494609,0.20653760106869992,0.23
2023-09-08 03:57:00,0.18773958,0.19226825878485734,0.052
2023-09-08 03:57:05,0.17385204,0.19726370666660956,0.298
2023-09-08 03:57:10,0.17086038,0.21692059389181215,0.196
2023-09-08 03:57:15,0.23439558,0.2342265608034761,0.2019999999999999
2023-09-08 03:57:20,0.2375583,0.23470272542020576,0.276
2023-09-08 03:57:25,0.21257776,0.21869097397576337,0.276
2023-09-08 03:57:30,0.18939808,0.20292440398546494,0.122
2023-09-08 03:57:35,0.17475851,0.20404854266728845,0.166
2023-09-08 03:57:40,0.22015311,0.2181378214118873,0.254
2023-09-08 03:57:45,0.24733907,0.223692690709185,0.272
2023-09-08 03:57:50,0.24033327,0.2065128342722522,0.176
2023-09-08 03:57:55,0.21933463,0.17624517455494323,0.218
2023-09-08 03:58:00,0.19405177,0.15690447585583023,0.1119999999999999
2023-09-08 03:58:05,0.16405125,0.16209211693392908,0.068
2023-09-08 03:58:10,0.19773598,0.18086764173983222,0.33
2023-09-08 03:58:15,0.21103106,0.19027164782628692,0.148
2023-09-08 03:58:20,0.20785636,0.17863380527968567,0.14
2023-09-08 03:58:25,0.18950748,0.15375347875761053,0.2239999999999999
2023-09-08 03:58:30,0.13476254,0.13504014504637027,0.092
2023-09-08 03:58:35,0.13767563,0.1404369514233888,0.14
2023-09-08 03:58:40,0.13871424,0.17217011359751588,0.142
2023-09-08 03:58:45,0.14841816,0.21036963200321102,0.1939999999999999
2023-09-08 03:58:50,0.15265125,0.2271582189901559,0.308
2023-09-08 03:58:55,0.21226655,0.21451481914439216,0.2739999999999999
2023-09-08 03:59:00,0.18325092,0.19493941134576953,0.074
2023-09-08 03:59:05,0.15143226,0.19565440512371157,0.16
2023-09-08 03:59:10,0.14361964,0.2148249625040491,0.258
2023-09-08 03:59:15,0.15027352,0.22336312544176593,0.268
2023-09-08 03:59:20,0.19892487,0.19877651395394322,0.212
2023-09-08 03:59:25,0.15844999,0.14867126779270526,0.1119999999999999
2023-09-08 03:59:30,0.11883318,0.10167510602021529,0.098
2023-09-08 03:59:35,0.110830486,0.08215121150961781,0.084
2023-09-08 03:59:40,0.1250361,0.09391251787858759,0.036
2023-09-08 03:59:45,0.123779714,0.12361828263051464,0.23
2023-09-08 03:59:50,0.14818522,0.15721670336161023,0.14
2023-09-08 03:59:55,0.14548302,0.19000544125183666,0.118
2023-09-08 04:00:00,0.13252328,0.2197320365616399,0.258
2023-09-08 04:00:05,0.12647577,0.23783199311556474,0.25
2023-09-08 04:00:10,0.23833652,0.23434027386170625,0.21
2023-09-08 04:00:15,0.2185582,0.2088773534708266,0.264
2023-09-08 04:00:20,0.18401988,0.17362558032399322,0.13
2023-09-08 04:00:25,0.16577803,0.14511694926950844,0.132
2023-09-08 04:00:30,0.16380686,0.1325141334193357,0.144
2023-09-08 04:00:35,0.13508816,0.13376349499936863,0.156
2023-09-08 04:00:40,0.14479218,0.141070598985634,0.108
2023-09-08 04:00:45,0.1391293,0.14713998175299486,0.158
2023-09-08 04:00:50,0.13279785,0.14884907986753226,0.178
2023-09-08 04:00:55,0.13262145,0.1493658687308033,0.14
2023-09-08 04:01:00,0.15474695,0.15479145923902046,0.106
2023-09-08 04:01:05,0.17179757,0.16598506787009046,0.204
2023-09-08 04:01:10,0.17344362,0.1762412514045784,0.186
2023-09-08 04:01:15,0.16967747,0.17807314471410707,0.15
2023-09-08 04:01:20,0.16156079,0.16961727940837978,0.204
2023-09-08 04:01:25,0.15555172,0.15514895393974126,0.12
2023-09-08 04:01:30,0.14806171,0.14226269855504178,0.1939999999999999
2023-09-08 04:01:35,0.1330007,0.13697281920249418,0.066
2023-09-08 04:01:40,0.12806925,0.1382038239502397,0.156
2023-09-08 04:01:45,0.13236803,0.13848021044898817,0.186
2023-09-08 04:01:50,0.13358931,0.1329193872261327,0.1
2023-09-08 04:01:55,0.1290897,0.12567905468845222,0.136
2023-09-08 04:02:00,0.11588141,0.12536159840423064,0.114
2023-09-08 04:02:05,0.1136005,0.13557963864340244,0.134
2023-09-08 04:02:10,0.12073758,0.1507420171340389,0.126
2023-09-08 04:02:15,0.1593699,0.160595405180657,0.238
2023-09-08 04:02:20,0.16518134,0.15886773002602758,0.09
2023-09-08 04:02:25,0.15191334,0.14670005028149094,0.1639999999999999
2023-09-08 04:02:30,0.13957031,0.12963870745460318,0.136
2023-09-08 04:02:35,0.13507502,0.11562903101445757,0.148
2023-09-08 04:02:40,0.113333516,0.1133694665419202,0.0579999999999999
2023-09-08 04:02:45,0.122076675,0.12505560939583454,0.124
2023-09-08 04:02:50,0.12852766,0.14066382576229805,0.144
2023-09-08 04:02:55,0.1339238,0.14610100168114765,0.206
2023-09-08 04:03:00,0.13925971,0.13847984972268668,0.122
2023-09-08 04:03:05,0.13006392,0.12824221653948797,0.054
2023-09-08 04:03:10,0.12936741,0.12582705418995363,0.192
2023-09-08 04:03:15,0.13052353,0.13240061884486243,0.114
2023-09-08 04:03:20,0.13446671,0.14375152758318716,0.154
2023-09-08 04:03:25,0.1406448,0.15594200821309212,0.136
2023-09-08 04:03:30,0.16790016,0.16528775388462347,0.174
2023-09-08 04:03:35,0.17269932,0.1679811602318645,0.176
2023-09-08 04:03:40,0.16383408,0.16273137391018114,0.1639999999999999
2023-09-08 04:03:45,0.15081693,0.15253289708579124,0.138
2023-09-08 04:03:50,0.14534923,0.14305418074811876,0.152
2023-09-08 04:03:55,0.14045179,0.13992916111658443,0.166
2023-09-08 04:04:00,0.14245231,0.14554457517300698,0.088
2023-09-08 04:04:05,0.13884975,0.15501754281216606,0.162
2023-09-08 04:04:10,0.13531457,0.15795830947592052,0.2
2023-09-08 04:04:15,0.13673224,0.1497702574784544,0.168
2023-09-08 04:04:20,0.13987297,0.13911990308174163,0.096
2023-09-08 04:04:25,0.13438317,0.13826778353734898,0.118
2023-09-08 04:04:30,0.13159582,0.1472736674636999,0.158
2023-09-08 04:04:35,0.13377999,0.1527825018596179,0.1939999999999999
2023-09-08 04:04:40,0.14020464,0.14178187843575557,0.092
2023-09-08 04:04:45,0.12232475,0.11421729960247565,0.166
2023-09-08 04:04:50,0.10049795,0.08502126300601225,0.084
2023-09-08 04:04:55,0.085407354,0.07526355133123667,0.032
2023-09-08 04:05:00,0.086847305,0.09567144976633098,0.1
2023-09-08 04:05:05,0.10450793,0.13464389270818983,0.096
2023-09-08 04:05:10,0.17500867,0.16542561946673148,0.258
2023-09-08 04:05:15,0.18028721,0.168902311648232,0.144
2023-09-08 04:05:20,0.16054465,0.14917735991273184,0.14
2023-09-08 04:05:25,0.13569911,0.12658423975252378,0.118
2023-09-08 04:05:30,0.12713064,0.11811711582857083,0.1
2023-09-08 04:05:35,0.1285208,0.1251750180065597,0.138
2023-09-08 04:05:40,0.14443332,0.1366452801694116,0.142
2023-09-08 04:05:45,0.14824155,0.14086057742149782,0.166
2023-09-08 04:05:50,0.14465626,0.13461297272035214,0.086
2023-09-08 04:05:55,0.14116059,0.12343996764707074,0.172
2023-09-08 04:06:00,0.11787454,0.11645400156937497,0.11
2023-09-08 04:06:05,0.11840477,0.11940352109030165,0.044
2023-09-08 04:06:10,0.11588413,0.12957283566446826,0.214
2023-09-08 04:06:15,0.11658482,0.13909659678415198,0.126
2023-09-08 04:06:20,0.12375453,0.14379847007566576,0.118
2023-09-08 04:06:25,0.14853105,0.14555518067735412,0.1639999999999999
2023-09-08 04:06:30,0.153817,0.1471475589204904,0.15
2023-09-08 04:06:35,0.15287535,0.14786630325563874,0.108
2023-09-08 04:06:40,0.14940462,0.14342632765774146,0.196
2023-09-08 04:06:45,0.14786346,0.13021348188321508,0.09
2023-09-08 04:06:50,0.11591645,0.1114583007312554,0.1639999999999999
2023-09-08 04:06:55,0.102229804,0.09853578680242556,0.074
2023-09-08 04:07:00,0.091297224,0.10248084989939554,0.068
2023-09-08 04:07:05,0.092746556,0.12184757863577501,0.106
2023-09-08 04:07:10,0.10778821,0.1420996755956575,0.228
2023-09-08 04:07:15,0.15358336,0.14998902752892398,0.1119999999999999
2023-09-08 04:07:20,0.14543772,0.14504415899877807,0.118
2023-09-08 04:07:25,0.12588942,0.13573602245358518,0.174
2023-09-08 04:07:30,0.111630075,0.12998172965357563,0.1119999999999999
2023-09-08 04:07:35,0.113867864,0.13038218968667026,0.104
2023-09-08 04:07:40,0.13828236,0.13411280571786371,0.176
2023-09-08 04:07:45,0.14582977,0.13670799336331255,0.126
2023-09-08 04:07:50,0.14295502,0.137055577974388,0.124
2023-09-08 04:07:55,0.13683073,0.13810310382954527,0.16
2023-09-08 04:08:00,0.13524039,0.14319608903342967,0.128
2023-09-08 04:08:05,0.15411834,0.15190326182199604,0.13
2023-09-08 04:08:10,0.16229466,0.1588358260454485,0.19
2023-09-08 04:08:15,0.15806541,0.15804658725061901,0.162
2023-09-08 04:08:20,0.14886846,0.14918720433924218,0.142
2023-09-08 04:08:25,0.14416873,0.13753403955140814,0.118
2023-09-08 04:08:30,0.1312993,0.1283674734546403,0.158
2023-09-08 04:08:35,0.13007298,0.12299581235333125,0.098
2023-09-08 04:08:40,0.12454393,0.11909085626900129,0.1119999999999999
2023-09-08 04:08:45,0.12178457,0.11409064254349527,0.16
2023-09-08 04:08:50,0.12643318,0.10949162313920105,0.088
2023-09-08 04:08:55,0.112556405,0.11031286753491083,0.084
2023-09-08 04:09:00,0.121247075,0.11835213316244873,0.132
2023-09-08 04:09:05,0.126464,0.12887662896145832,0.126
2023-09-08 04:09:10,0.13090204,0.13691319619118267,0.182
2023-09-08 04:09:15,0.13621281,0.14407629306468756,0.102
2023-09-08 04:09:20,0.156537,0.15482723002205176,0.146
2023-09-08 04:09:25,0.17154585,0.16639326699793044,0.166
2023-09-08 04:09:30,0.1744704,0.1671552961938334,0.1639999999999999
2023-09-08 04:09:35,0.1678704,0.14871717341394788,0.218
2023-09-08 04:09:40,0.15984014,0.11857841003821867,0.076
2023-09-08 04:09:45,0.096667744,0.09676854754365041,0.0579999999999999
2023-09-08 04:09:50,0.09648156,0.09881520918299579,0.138
2023-09-08 04:09:55,0.105007246,0.12401498035518577,0.11
2023-09-08 04:10:00,0.11933729,0.15777251930688507,0.146
2023-09-08 04:10:05,0.13579379,0.18117409560226913,0.184
2023-09-08 04:10:10,0.18669511,0.18237558543594767,0.244
2023-09-08 04:10:15,0.17249018,0.1647309740005545,0.12
2023-09-08 04:10:20,0.14989679,0.1423131154688977,0.108
2023-09-08 04:10:25,0.13386653,0.126067110283572,0.152
2023-09-08 04:10:30,0.13473362,0.11814390543762207,0.146
2023-09-08 04:10:35,0.11967349,0.11846330059988097,0.104
2023-09-08 04:10:40,0.12267407,0.1282396274886186,0.11
2023-09-08 04:10:45,0.120622426,0.14380896051165826,0.126
2023-09-08 04:10:50,0.120447494,0.15332503165845118,0.18
2023-09-08 04:10:55,0.12597696,0.14637880537660916,0.174
2023-09-08 04:11:00,0.13087887,0.12703806570512385,0.126
2023-09-08 04:11:05,0.11337249,0.11281483622638615,0.072
2023-09-08 04:11:10,0.10143096,0.11786584502277711,0.122
2023-09-08 04:11:15,0.10265657,0.1381182319566339,0.12
2023-09-08 04:11:20,0.11640395,0.1542970460861109,0.192
2023-09-08 04:11:25,0.15577506,0.14973435018812217,0.168
2023-09-08 04:11:30,0.13812469,0.1253199661720199,0.1
2023-09-08 04:11:35,0.11363578,0.09804573775023276,0.104
2023-09-08 04:11:40,0.1001979,0.08652829948966183,0.076
2023-09-08 04:11:45,0.10682966,0.09666536005404225,0.09
2023-09-08 04:11:50,0.12629296,0.11679215195478954,0.084
2023-09-08 04:11:55,0.14679317,0.12619492221126588,0.1939999999999999
2023-09-08 04:12:00,0.15013678,0.11349015249261289,0.122
2023-09-08 04:12:05,0.143864,0.08858492308510452,0.066
2023-09-08 04:12:10,0.13819693,0.07359432142488723,0.03
2023-09-08 04:12:15,0.083698295,0.08223926975473625,0.1159999999999999
2023-09-08 04:12:20,0.111988544,0.11044740930709362,0.106
2023-09-08 04:12:25,0.13132823,0.14356303773259554,0.154
2023-09-08 04:12:30,0.14125407,0.1673428017260501,0.14
2023-09-08 04:12:35,0.14416002,0.1739303162534264,0.23
2023-09-08 04:12:40,0.16738972,0.16341768200528306,0.096
2023-09-08 04:12:45,0.15310775,0.14279773115023026,0.184
2023-09-08 04:12:50,0.13608365,0.12405155482343506,0.15
2023-09-08 04:12:55,0.12679107,0.12057347633829858,0.068
2023-09-08 04:13:00,0.13126811,0.13820056417086907,0.138
2023-09-08 04:13:05,0.17371525,0.16685200327476837,0.146
2023-09-08 04:13:10,0.19962332,0.18661168051109825,0.2739999999999999
2023-09-08 04:13:15,0.20127295,0.18579099003201566,0.136
2023-09-08 04:13:20,0.18511267,0.17031705814787296,0.182
2023-09-08 04:13:25,0.1683554,0.1548000388287934,0.114
2023-09-08 04:13:30,0.14954679,0.14887238878331716,0.2
2023-09-08 04:13:35,0.15256076,0.15342194545980964,0.11
2023-09-08 04:13:40,0.14845723,0.16507402786635894,0.212
2023-09-08 04:13:45,0.14259712,0.18009404913716903,0.14
2023-09-08 04:13:50,0.14169621,0.19481533944640642,0.192
2023-09-08 04:13:55,0.2085918,0.20621499229944001,0.266
2023-09-08 04:14:00,0.21181196,0.21360844069312418,0.1639999999999999
2023-09-08 04:14:05,0.20156017,0.21684642701484616,0.1639999999999999
2023-09-08 04:14:10,0.18529603,0.214224815579035,0.326
2023-09-08 04:14:15,0.17574668,0.20853732479973944,0.188
2023-09-08 04:14:20,0.21380815,0.21122283450808305,0.172
2023-09-08 04:14:25,0.22042385,0.2296762762019309,0.178
2023-09-08 04:14:30,0.22489344,0.2525087550660896,0.326
2023-09-08 04:14:35,0.22120349,0.2572848114085832,0.252
2023-09-08 04:14:40,0.21170065,0.23310549523127325,0.258
2023-09-08 04:14:45,0.20306599,0.19025365671226163,0.15
2023-09-08 04:14:50,0.16436851,0.148846003209884,0.13
2023-09-08 04:14:55,0.14721093,0.12358082086268653,0.174
2023-09-08 04:15:00,0.14956187,0.1191756424990239,0.102
2023-09-08 04:15:05,0.16431336,0.13208526300400344,0.088
2023-09-08 04:15:10,0.15789495,0.15106426179762705,0.206
2023-09-08 04:15:15,0.17716056,0.16062389467027516,0.128
2023-09-08 04:15:20,0.17933603,0.15022007326895498,0.17
2023-09-08 04:15:25,0.16953664,0.1223431773045255,0.148
2023-09-08 04:15:30,0.15885055,0.09203672220529968,0.062
2023-09-08 04:15:35,0.07627337,0.07602555926629882,0.0559999999999999
2023-09-08 04:15:40,0.08720027,0.07882108145335216,0.09
2023-09-08 04:15:45,0.105803765,0.08927303826155256,0.074
2023-09-08 04:15:50,0.12660967,0.09240722269237424,0.14
2023-09-08 04:15:55,0.14504065,0.08564012295335292,0.102
2023-09-08 04:16:00,0.0820602,0.0820165987588446,0.0279999999999999
2023-09-08 04:16:05,0.09074366,0.09511704315479232,0.068
2023-09-08 04:16:10,0.10384784,0.12300738746255105,0.17
2023-09-08 04:16:15,0.11989815,0.15097330899323197,0.16
2023-09-08 04:16:20,0.13621026,0.16703133642134274,0.152
2023-09-08 04:16:25,0.17343092,0.17002639079131224,0.168
2023-09-08 04:16:30,0.17152666,0.1655967908866856,0.174
2023-09-08 04:16:35,0.16336088,0.15931451604466115,0.152
2023-09-08 04:16:40,0.15521635,0.15273575546340576,0.13
2023-09-08 04:16:45,0.15301768,0.14374058634628883,0.178
2023-09-08 04:16:50,0.13449754,0.13192002113019116,0.132
2023-09-08 04:16:55,0.12270417,0.12355514040663158,0.14
2023-09-08 04:17:00,0.10818354,0.12688839390679257,0.07
2023-09-08 04:17:05,0.102822416,0.13979452593881098,0.138
2023-09-08 04:17:10,0.11162479,0.1466110089734501,0.166
2023-09-08 04:17:15,0.14022745,0.13398743581567854,0.212
2023-09-08 04:17:20,0.11722611,0.10924155550669344,0.05
2023-09-08 04:17:25,0.09101303,0.09611654477278697,0.064
2023-09-08 04:17:30,0.080491856,0.11084755859168323,0.122
2023-09-08 04:17:35,0.092587486,0.14689203767664494,0.148
2023-09-08 04:17:40,0.18942666,0.18297465069822824,0.208
2023-09-08 04:17:45,0.20355417,0.2018211313028775,0.184
2023-09-08 04:17:50,0.19157368,0.20204814447599576,0.244
2023-09-08 04:17:55,0.1679646,0.19641822285042557,0.154
2023-09-08 04:18:00,0.1536252,0.19932248797833896,0.178
2023-09-08 04:18:05,0.21638869,0.214248933471611,0.256
2023-09-08 04:18:10,0.23370461,0.23202684303406723,0.212
2023-09-08 04:18:15,0.23305695,0.2384911248937326,0.22
2023-09-08 04:18:20,0.21667895,0.223931536744495,0.268
2023-09-08 04:18:25,0.20000745,0.19095551249816917,0.206
2023-09-08 04:18:30,0.16232291,0.15514261987415112,0.106
2023-09-08 04:18:35,0.138685,0.1328465432210271,0.142
2023-09-08 04:18:40,0.13030843,0.12605220174252155,0.084
2023-09-08 04:18:45,0.1351761,0.12260654281031998,0.192
2023-09-08 04:18:50,0.14772172,0.11327366706633166,0.138
2023-09-08 04:18:55,0.10580399,0.10467571667237588,0.048
2023-09-08 04:19:00,0.10732215,0.1105585126373129,0.102
2023-09-08 04:19:05,0.1154517,0.13261734000730457,0.12
2023-09-08 04:19:10,0.128292,0.156418341331996,0.2019999999999999
2023-09-08 04:19:15,0.1414617,0.16681402430618553,0.18
2023-09-08 04:19:20,0.16544324,0.16223934995762695,0.136
2023-09-08 04:19:25,0.1553685,0.15169842196216482,0.124
2023-09-08 04:19:30,0.14418796,0.14233550350146926,0.18
2023-09-08 04:19:35,0.13892548,0.13451870530928942,0.118
2023-09-08 04:19:40,0.14217956,0.12663119236971393,0.132
2023-09-08 04:19:45,0.122953296,0.11997216629362593,0.138
2023-09-08 04:19:50,0.12129041,0.11834303080242721,0.08
2023-09-08 04:19:55,0.1165854,0.12392549025202843,0.16
2023-09-08 04:20:00,0.11610607,0.13384717840037552,0.088
2023-09-08 04:20:05,0.12314876,0.14178549507201413,0.174
2023-09-08 04:20:10,0.14685334,0.1450255662324669,0.182
2023-09-08 04:20:15,0.14405276,0.14931256251271935,0.1119999999999999
2023-09-08 04:20:20,0.13360976,0.16201502157628292,0.12
2023-09-08 04:20:25,0.12584491,0.17998964336774986,0.2
2023-09-08 04:20:30,0.12772831,0.19101113604155875,0.254
2023-09-08 04:20:35,0.19065386,0.18874545434640927,0.166
2023-09-08 04:20:40,0.17694467,0.17875967630730144,0.1119999999999999
2023-09-08 04:20:45,0.15813309,0.1683420226776785,0.226
2023-09-08 04:20:50,0.14521986,0.15892806294074496,0.152
2023-09-08 04:20:55,0.1461444,0.15083862895800046,0.16
2023-09-08 04:21:00,0.1493537,0.1478669729532619,0.124
2023-09-08 04:21:05,0.1539892,0.15319669887918058,0.17
2023-09-08 04:21:10,0.15574019,0.1632190829844518,0.138
2023-09-08 04:21:15,0.1555131,0.16743856405156793,0.17
2023-09-08 04:21:20,0.1549686,0.15664535511162758,0.1939999999999999
2023-09-08 04:21:25,0.13806556,0.13395296596036854,0.154
2023-09-08 04:21:30,0.11667746,0.11582352620295007,0.048
2023-09-08 04:21:35,0.10120905,0.1176011920706819,0.134
2023-09-08 04:21:40,0.100607574,0.13832431536797202,0.132
2023-09-08 04:21:45,0.11455842,0.16202042762272914,0.186
2023-09-08 04:21:50,0.1773078,0.1722234393899524,0.176
2023-09-08 04:21:55,0.17247237,0.1637521938598961,0.148
2023-09-08 04:22:00,0.15502779,0.14356035609553353,0.162
2023-09-08 04:22:05,0.13912845,0.12396500287093366,0.1119999999999999
2023-09-08 04:22:10,0.136447,0.11415796019795182,0.0924
2023-09-08 04:22:15,0.11864329,0.11485686454541694,0.132
2023-09-08 04:22:20,0.12842594,0.1202783581786694,0.132
2023-09-08 04:22:25,0.13118161,0.12528921000507123,0.13
2023-09-08 04:22:30,0.13173579,0.12879074413503802,0.098
2023-09-08 04:22:35,0.13426837,0.13023616413142844,0.144
2023-09-08 04:22:40,0.13196173,0.127007673226533,0.124
2023-09-08 04:22:45,0.12780139,0.11829676009775887,0.152
2023-09-08 04:22:50,0.1156795,0.10950908829388602,0.08
2023-09-08 04:22:55,0.10820018,0.10894449778980993,0.094
2023-09-08 04:23:00,0.11317869,0.11965172743845788,0.146
2023-09-08 04:23:05,0.14077944,0.13600378901142054,0.12
2023-09-08 04:23:10,0.15414093,0.14718318105194828,0.14
2023-09-08 04:23:15,0.15148433,0.1434600459559159,0.166
2023-09-08 04:23:20,0.1418166,0.12295313659872331,0.122
2023-09-08 04:23:25,0.13641934,0.09539802641039202,0.1119999999999999
2023-09-08 04:23:30,0.09134199,0.07697869259724567,0.042
2023-09-08 04:23:35,0.08414707,0.07749562076297775,0.0559999999999999
2023-09-08 04:23:40,0.093630694,0.09194546682141742,0.14
2023-09-08 04:23:45,0.11542307,0.10583971140609766,0.076
2023-09-08 04:23:50,0.13246734,0.1086622080519278,0.128
2023-09-08 04:23:55,0.11257279,0.10345171110606313,0.13
2023-09-08 04:24:00,0.1038819,0.10562320578692347,0.086
2023-09-08 04:24:05,0.10756104,0.13018643412469996,0.064
2023-09-08 04:24:10,0.12289699,0.17738540911542347,0.236
2023-09-08 04:24:15,0.1356208,0.23291638834411665,0.254
2023-09-08 04:24:20,0.29719308,0.2809747465081731,0.25
2023-09-08 04:24:25,0.2912312,0.31186769259500235,0.29
2023-09-08 04:24:30,0.26310316,0.3205791104727121,0.36
2023-09-08 04:24:35,0.23041256,0.30750808467912333,0.3379999999999999
2023-09-08 04:24:40,0.19887084,0.2798263760846507,0.2
2023-09-08 04:24:45,0.24981998,0.24536291689161502,0.242
2023-09-08 04:24:50,0.22717021,0.2085065989828869,0.314
2023-09-08 04:24:55,0.20636669,0.17707012840259181,0.122
2023-09-08 04:25:00,0.19656168,0.16425526508841126,0.132
2023-09-08 04:25:05,0.18986231,0.1746979663189297,0.16
2023-09-08 04:25:10,0.2087126,0.19441822451028407,0.244
2023-09-08 04:25:15,0.20658898,0.20181594851581036,0.204
2023-09-08 04:25:20,0.19106588,0.18595044646341802,0.168
2023-09-08 04:25:25,0.1758232,0.15219178879081877,0.162
2023-09-08 04:25:30,0.16147357,0.1154177292579791,0.11
2023-09-08 04:25:35,0.10201403,0.09133825939498967,0.088
2023-09-08 04:25:40,0.09447015,0.09081597592935155,0.094
2023-09-08 04:25:45,0.1037948,0.11679570298752404,0.12
2023-09-08 04:25:50,0.12493355,0.16280638244766663,0.146
2023-09-08 04:25:55,0.14063829,0.21343122457871436,0.204
2023-09-08 04:26:00,0.26678935,0.24991827899171257,0.286
2023-09-08 04:26:05,0.256814,0.2607044284764169,0.28
2023-09-08 04:26:10,0.22951154,0.24731886135935927,0.176
2023-09-08 04:26:15,0.20317549,0.21944805731376563,0.268
2023-09-08 04:26:20,0.18082643,0.18769344349496256,0.196
2023-09-08 04:26:25,0.16405165,0.16144202306617966,0.128
2023-09-08 04:26:30,0.14929551,0.14712537617625798,0.156
2023-09-08 04:26:35,0.14430451,0.1448055747146396,0.168
2023-09-08 04:26:40,0.15113592,0.14796139076928164,0.084
2023-09-08 04:26:45,0.1574199,0.14835278253411321,0.226
2023-09-08 04:26:50,0.14878406,0.14360406341944681,0.134
2023-09-08 04:26:55,0.13649833,0.14027892868260575,0.108
2023-09-08 04:27:00,0.13066098,0.14625586024076564,0.13
2023-09-08 04:27:05,0.13607104,0.16085414738343357,0.212
2023-09-08 04:27:10,0.14237031,0.1752270199873172,0.128
2023-09-08 04:27:15,0.1892777,0.18019895467231,0.216
2023-09-08 04:27:20,0.17795807,0.17245351285994975,0.15
2023-09-08 04:27:25,0.16638742,0.15696209915949888,0.198
2023-09-08 04:27:30,0.16277045,0.14474968605778443,0.106
2023-09-08 04:27:35,0.16025047,0.1445242658415911,0.128
2023-09-08 04:27:40,0.16399531,0.15445287114887737,0.178
2023-09-08 04:27:45,0.16833729,0.16401232741538296,0.1639999999999999
2023-09-08 04:27:50,0.16903353,0.16488699632544818,0.172
2023-09-08 04:27:55,0.16903411,0.15919086711310595,0.182
2023-09-08 04:28:00,0.16271213,0.15625043770234756,0.1119999999999999
2023-09-08 04:28:05,0.16922943,0.1609817540702547,0.122
2023-09-08 04:28:10,0.17305152,0.16793314156143896,0.2739999999999999
2023-09-08 04:28:15,0.17561433,0.16946235635672438,0.106
2023-09-08 04:28:20,0.17758293,0.16598932618827714,0.18
2023-09-08 04:28:25,0.17171755,0.16444424357269388,0.166
2023-09-08 04:28:30,0.17595959,0.16977722234638903,0.158
2023-09-08 04:28:35,0.17311257,0.1799343484835415,0.176
2023-09-08 04:28:40,0.16837199,0.18686754806779227,0.2019999999999999
2023-09-08 04:28:45,0.16683948,0.18206907243229836,0.178
2023-09-08 04:28:50,0.16225767,0.16294445771101976,0.162
2023-09-08 04:28:55,0.1402435,0.1356469642376758,0.156
2023-09-08 04:29:00,0.12013789,0.11216973556382898,0.102
2023-09-08 04:29:05,0.11257978,0.10216375136267668,0.042
2023-09-08 04:29:10,0.12182132,0.10608082994252493,0.188
2023-09-08 04:29:15,0.13461927,0.11800039347706531,0.086
2023-09-08 04:29:20,0.14172217,0.13340520061979047,0.152
2023-09-08 04:29:25,0.14399426,0.14952255443900528,0.092
2023-09-08 04:29:30,0.14876147,0.160392033777611,0.2
2023-09-08 04:29:35,0.15606889,0.15936817007598034,0.192
2023-09-08 04:29:40,0.1565179,0.14756594271652057,0.124
2023-09-08 04:29:45,0.13958855,0.13371349634855634,0.088
2023-09-08 04:29:50,0.13051453,0.12462351816875292,0.172
2023-09-08 04:29:55,0.13066447,0.12119575567480886,0.124
2023-09-08 04:30:00,0.14063159,0.12303054004271259,0.1159999999999999
2023-09-08 04:30:05,0.14812182,0.1299221626590146,0.09
2023-09-08 04:30:10,0.14756404,0.13845371930606876,0.192
2023-09-08 04:30:15,0.14597557,0.14296829035026604,0.122
2023-09-08 04:30:20,0.14373663,0.14110686018753002,0.138
2023-09-08 04:30:25,0.14568655,0.13587686111431665,0.162
2023-09-08 04:30:30,0.14513141,0.13210850031341725,0.088
2023-09-08 04:30:35,0.13963027,0.13146377392054096,0.152
2023-09-08 04:30:40,0.13695447,0.1312571537647135,0.128
2023-09-08 04:30:45,0.13873354,0.12925836335891894,0.154
2023-09-08 04:30:50,0.14617325,0.12855686469520558,0.124
2023-09-08 04:30:55,0.14936197,0.134087248279853,0.088
2023-09-08 04:31:00,0.15396254,0.14390088905115023,0.154
2023-09-08 04:31:05,0.15514119,0.14861889478141083,0.2019999999999999
2023-09-08 04:31:10,0.15388237,0.1417874510577954,0.12
2023-09-08 04:31:15,0.15459424,0.12632004239880548,0.09
2023-09-08 04:31:20,0.15136394,0.10928948244089387,0.138
2023-09-08 04:31:25,0.10697818,0.09603239964935192,0.114
2023-09-08 04:31:30,0.09534279,0.09034679174378465,0.054
2023-09-08 04:31:35,0.095221326,0.09432590511313166,0.104
2023-09-08 04:31:40,0.108836025,0.10612095958058002,0.118
2023-09-08 04:31:45,0.122987054,0.12084944344151377,0.1119999999999999
2023-09-08 04:31:50,0.14313726,0.13416126998296612,0.128
2023-09-08 04:31:55,0.14199059,0.14452552420197404,0.178
2023-09-08 04:32:00,0.14234667,0.15302438742240262,0.1119999999999999
2023-09-08 04:32:05,0.14716125,0.16076780350367018,0.166
2023-09-08 04:32:10,0.14815114,0.1669448829657846,0.192
2023-09-08 04:32:15,0.17654914,0.17051635679798596,0.174
2023-09-08 04:32:20,0.16617759,0.17137370845448374,0.11
2023-09-08 04:32:25,0.15568225,0.16839161461463062,0.23
2023-09-08 04:32:30,0.15322696,0.16090333936431925,0.152
2023-09-08 04:32:35,0.1521251,0.15389887636934474,0.168
2023-09-08 04:32:40,0.16148539,0.15614387080982356,0.104
2023-09-08 04:32:45,0.16905382,0.1699047645062079,0.1939999999999999
2023-09-08 04:32:50,0.17926908,0.186111031855549,0.17
2023-09-08 04:32:55,0.1871282,0.1933130852128295,0.252
2023-09-08 04:33:00,0.18257275,0.190692458833397,0.158
2023-09-08 04:33:05,0.19303517,0.18910479328882687,0.198
2023-09-08 04:33:10,0.189322,0.19760505169164239,0.136
2023-09-08 04:33:15,0.18734215,0.21094628118796935,0.258
2023-09-08 04:33:20,0.18812725,0.21375217284524392,0.228
2023-09-08 04:33:25,0.18288717,0.1967140242492571,0.206
2023-09-08 04:33:30,0.16793016,0.1655673723644227,0.12
2023-09-08 04:33:35,0.14494129,0.1352532672162841,0.176
2023-09-08 04:33:40,0.13423777,0.1193938678494319,0.108
2023-09-08 04:33:45,0.14033651,0.12341471070544173,0.088
2023-09-08 04:33:50,0.15008926,0.14202988695496738,0.166
2023-09-08 04:33:55,0.17414331,0.1633399633434715,0.192
2023-09-08 04:34:00,0.1706156,0.17769117717534477,0.154
2023-09-08 04:34:05,0.1605414,0.18165761556329388,0.15
2023-09-08 04:34:10,0.15414004,0.1756771880285433,0.242
2023-09-08 04:34:15,0.14822143,0.16294052380461957,0.13
2023-09-08 04:34:20,0.15473534,0.1491790063652023,0.1119999999999999
2023-09-08 04:34:25,0.14500675,0.13999788232527086,0.208
2023-09-08 04:34:30,0.14392783,0.1395007623336228,0.12
2023-09-08 04:34:35,0.15219264,0.14940515261983983,0.1
2023-09-08 04:34:40,0.15762493,0.16486650052374677,0.2019999999999999
2023-09-08 04:34:45,0.1839355,0.17429326507356277,0.174
2023-09-08 04:34:50,0.1690409,0.16874942163470874,0.176
2023-09-08 04:34:55,0.14897186,0.1509499115104454,0.174
2023-09-08 04:35:00,0.13914646,0.13307002949478974,0.0559999999999999
2023-09-08 04:35:05,0.1365465,0.12732137008365474,0.192
2023-09-08 04:35:10,0.14528094,0.14076850666557228,0.15
2023-09-08 04:35:15,0.15937006,0.17511445380878504,0.122
2023-09-08 04:35:20,0.17402606,0.2233526013805098,0.2339999999999999
2023-09-08 04:35:25,0.18324474,0.26726501860985935,0.254
2023-09-08 04:35:30,0.1777881,0.28796940607013144,0.348
2023-09-08 04:35:35,0.27921212,0.28472648992115024,0.288
2023-09-08 04:35:40,0.24702151,0.27968542648804534,0.284
2023-09-08 04:35:45,0.20961726,0.29586366377369794,0.178
2023-09-08 04:35:50,0.186872,0.32764887940934834,0.344
2023-09-08 04:35:55,0.17573713,0.3407939006640898,0.46
2023-09-08 04:36:00,0.2867324,0.30746784008033273,0.29
2023-09-08 04:36:05,0.23859191,0.2352826288028463,0.182
2023-09-08 04:36:10,0.18100086,0.15837610952460002,0.188
2023-09-08 04:36:15,0.14666593,0.10768534957532874,0.064
2023-09-08 04:36:20,0.13694614,0.0922086325910039,0.108
2023-09-08 04:36:25,0.11343797,0.10057118604401684,0.118
2023-09-08 04:36:30,0.1339635,0.11444843593732337,0.11
2023-09-08 04:36:35,0.15802561,0.12137148213991703,0.124
2023-09-08 04:36:40,0.1747822,0.11911565580332137,0.122
2023-09-08 04:36:45,0.17272912,0.11275949625150053,0.098
2023-09-08 04:36:50,0.11771511,0.10943920746529356,0.132
2023-09-08 04:36:55,0.11471503,0.11370720413620754,0.09
2023-09-08 04:37:00,0.120706625,0.12446133056475633,0.1119999999999999
2023-09-08 04:37:05,0.13419971,0.13574914569927285,0.176
2023-09-08 04:37:10,0.14257249,0.14263682446635298,0.126
2023-09-08 04:37:15,0.1525414,0.14660580201605136,0.144
2023-09-08 04:37:20,0.1486479,0.15435495013691997,0.16
2023-09-08 04:37:25,0.14938699,0.1718691755592964,0.176
2023-09-08 04:37:30,0.15582433,0.19876204056315294,0.152
2023-09-08 04:37:35,0.15778333,0.22633708253044718,0.296
2023-09-08 04:37:40,0.2541536,0.24149987334612744,0.178
2023-09-08 04:37:45,0.23885792,0.2346657294475306,0.268
2023-09-08 04:37:50,0.21168888,0.2078349865866025,0.2319999999999999
2023-09-08 04:37:55,0.19010304,0.17787481864715982,0.208
2023-09-08 04:38:00,0.17422427,0.16609337678556174,0.034
2023-09-08 04:38:05,0.18887192,0.17783522763874401,0.208
2023-09-08 04:38:10,0.21099612,0.19828782933928113,0.31
2023-09-08 04:38:15,0.22397761,0.21358978251232846,0.186
2023-09-08 04:38:20,0.22312541,0.224926207603239,0.142
2023-09-08 04:38:25,0.20425074,0.23485116312901078,0.228
2023-09-08 04:38:30,0.24302952,0.23479757723663927,0.304
2023-09-08 04:38:35,0.2161187,0.21978725896508503,0.294
2023-09-08 04:38:40,0.17811012,0.20503088739264108,0.088
2023-09-08 04:38:45,0.15376243,0.21150831693231315,0.168
2023-09-08 04:38:50,0.14411785,0.23899476524713706,0.312
2023-09-08 04:38:55,0.282365,0.2660789912403336,0.322
2023-09-08 04:39:00,0.2658766,0.2725737663833953,0.142
2023-09-08 04:39:05,0.22879316,0.2527007853301821,0.352
2023-09-08 04:39:10,0.19510117,0.21497946919264554,0.2239999999999999
2023-09-08 04:39:15,0.17067675,0.17889747490812846,0.13
2023-09-08 04:39:20,0.16843306,0.16447647912608035,0.144
2023-09-08 04:39:25,0.17816746,0.17785710903727597,0.236
2023-09-08 04:39:30,0.19555971,0.20763230012819717,0.154
2023-09-08 04:39:35,0.2089438,0.23288886565020325,0.248
2023-09-08 04:39:40,0.20466074,0.23498866213711653,0.242
2023-09-08 04:39:45,0.20525663,0.2109644219526437,0.256
2023-09-08 04:39:50,0.16755484,0.18144796405265884,0.178
2023-09-08 04:39:55,0.13441867,0.17902349893336303,0.13
2023-09-08 04:40:00,0.12483814,0.21873828490734087,0.168
2023-09-08 04:40:05,0.13143492,0.27811390211727993,0.31
2023-09-08 04:40:10,0.33894995,0.3117336210190238,0.384
2023-09-08 04:40:15,0.30249858,0.2891016764717788,0.26
2023-09-08 04:40:20,0.2334571,0.21842255607013059,0.24
2023-09-08 04:40:25,0.17265466,0.13685903298868118,0.088
2023-09-08 04:40:30,0.13699628,0.08198843808093258,0.09
2023-09-08 04:40:35,0.08408977,0.06983321008421231,0.0559999999999999
2023-09-08 04:40:40,0.09541568,0.09184430703971848,0.124
2023-09-08 04:40:45,0.123734474,0.1262711649869235,0.092
2023-09-08 04:40:50,0.15342127,0.15279345168928532,0.186
2023-09-08 04:40:55,0.16500881,0.16321095427593654,0.186
2023-09-08 04:41:00,0.16708894,0.16325796309638246,0.128
2023-09-08 04:41:05,0.15739015,0.16269143600360303,0.128
2023-09-08 04:41:10,0.15095761,0.16310762931367548,0.2019999999999999
2023-09-08 04:41:15,0.15269627,0.15845297022994573,0.184
2023-09-08 04:41:20,0.1539489,0.14568803239835815,0.094
2023-09-08 04:41:25,0.13657746,0.13033150514380024,0.174
2023-09-08 04:41:30,0.12765008,0.12276008145248181,0.12
2023-09-08 04:41:35,0.12966421,0.1305318113975259,0.088
2023-09-08 04:41:40,0.14169425,0.15074004864039878,0.156
2023-09-08 04:41:45,0.1503064,0.16984940916621785,0.19
2023-09-08 04:41:50,0.18183103,0.17566701937470625,0.218
2023-09-08 04:41:55,0.16274129,0.16927762760943718,0.12
2023-09-08 04:42:00,0.14401734,0.161411965775273,0.162
2023-09-08 04:42:05,0.13866252,0.15815465669807993,0.142
2023-09-08 04:42:10,0.14034306,0.1543502886805146,0.188
2023-09-08 04:42:15,0.14793919,0.14082670896938462,0.134
2023-09-08 04:42:20,0.12625782,0.11472531439416395,0.106
2023-09-08 04:42:25,0.11098565,0.0828376202093238,0.106
2023-09-08 04:42:30,0.11290401,0.057644806049212474,0.042
2023-09-08 04:42:35,0.122741014,0.04918255914593409,0.038
2023-09-08 04:42:40,0.07832392,0.05678145477032742,0.038
2023-09-08 04:42:45,0.09020617,0.06852593295247139,0.094
2023-09-08 04:42:50,0.113155164,0.07251417040824068,0.102
2023-09-08 04:42:55,0.1369875,0.07013838098037821,0.052
2023-09-08 04:43:00,0.14643936,0.07616041795682903,0.076
2023-09-08 04:43:05,0.10957249,0.10362319251772334,0.078
2023-09-08 04:43:10,0.14268677,0.147947990254443,0.12
2023-09-08 04:43:15,0.17723636,0.1867590081107591,0.242
2023-09-08 04:43:20,0.1966827,0.19792590714271524,0.22
2023-09-08 04:43:25,0.18960693,0.17865554698258787,0.142
2023-09-08 04:43:30,0.1484039,0.1462919339702006,0.166
2023-09-08 04:43:35,0.12657788,0.12207952753322535,0.094
2023-09-08 04:43:40,0.11772953,0.11470749496742708,0.094
2023-09-08 04:43:45,0.12602106,0.1170066185991426,0.154
2023-09-08 04:43:50,0.13824075,0.11766833197728845,0.126
2023-09-08 04:43:55,0.123104595,0.11625201693844017,0.146
2023-09-08 04:44:00,0.117817804,0.12377688485284565,0.062
2023-09-08 04:44:05,0.123775244,0.14629511514528518,0.118
2023-09-08 04:44:10,0.13860758,0.17243117461003085,0.204
2023-09-08 04:44:15,0.1481875,0.18471994133355116,0.26
