Time,ARIMA,ETS,LSTM,Actual,Raw
2023-09-08 02:39:20,0.1631940248236268,0.16043159884731,0.16554019,0.1626237870812054,0.156
2023-09-08 02:39:25,0.1547595607600959,0.1442645506825286,0.15548277,0.1542481441653949,0.154
2023-09-08 02:39:30,0.1483596085944247,0.1277057193022862,0.16094396,0.1488891768061973,0.128
2023-09-08 02:39:35,0.1435034153123903,0.1124190727420838,0.15901706,0.1415198641553361,0.154
2023-09-08 02:39:40,0.13981860446037,0.099373972717767,0.15270361,0.1288251886242025,0.162
2023-09-08 02:39:45,0.1370226220464497,0.0885938388693194,0.15516633,0.1170941304283685,0.122
2023-09-08 02:39:50,0.134901070093609,0.079636936852803,0.15602268,0.1192921340104684,0.0559999999999999
2023-09-08 02:39:55,0.1332912664459921,0.0722909959114652,0.1644507,0.140356762223235,0.148
2023-09-08 02:40:00,0.1320697701821787,0.0664789573242053,0.15794013,0.1685769795488902,0.2019999999999999
2023-09-08 02:40:05,0.1311429160750217,0.0613701736809987,0.16353156,0.1854974935466293,0.18
2023-09-08 02:40:10,0.1916766910072364,0.2008398924617869,0.17737229,0.1829028093742992,0.192
2023-09-08 02:40:15,0.1963552664803319,0.2126420018878054,0.17060578,0.1689964238390982,0.18
2023-09-08 02:40:20,0.1998976469588642,0.2207534123446339,0.16162048,0.1596505868570922,0.124
2023-09-08 02:40:25,0.2025797581114677,0.2266207394929747,0.14676575,0.1632069899813066,0.138
2023-09-08 02:40:30,0.2046105168847039,0.2321149657557427,0.15417486,0.1730652466727587,0.22
2023-09-08 02:40:35,0.206148104613338,0.2388205350930216,0.14828916,0.1764436834877405,0.186
2023-09-08 02:40:40,0.2073122881955557,0.2476557052208412,0.14431377,0.1689760868205445,0.16
2023-09-08 02:40:45,0.2081937490630336,0.2587182716137355,0.14933902,0.1575017331257421,0.138
2023-09-08 02:40:50,0.208861146604764,0.2717267124315167,0.15079822,0.1500868945577019,0.156
2023-09-08 02:40:55,0.2093664662339634,0.2865294717430317,0.15063651,0.1473769789672564,0.136
2023-09-08 02:41:00,0.1461157476077795,0.1462636928193222,0.1469178,0.1440533032451529,0.178
2023-09-08 02:41:05,0.1450333981583089,0.1457062476059991,0.14692247,0.1361901996055855,0.108
2023-09-08 02:41:10,0.1441045595895826,0.1433770439965525,0.15212855,0.1259826698960419,0.146
2023-09-08 02:41:15,0.1433074592749148,0.1374330316175361,0.15510306,0.1201988221522518,0.126
2023-09-08 02:41:20,0.1426234126245752,0.1279126504364122,0.16096626,0.123877414966079,0.078
2023-09-08 02:41:25,0.1420363851059172,0.1163432133589529,0.15876377,0.1339821182596239,0.154
2023-09-08 02:41:30,0.1415326163827014,0.1044966627270262,0.16287404,0.140494646227976,0.158
2023-09-08 02:41:35,0.1411002977631744,0.0937879256655618,0.16127251,0.1367297843001372,0.136
2023-09-08 02:41:40,0.1407292953960631,0.0850731983396244,0.16057447,0.128015924284617,0.162
2023-09-08 02:41:45,0.1404109127260019,0.0785298157015042,0.15880226,0.1269329137790061,0.04
2023-09-08 02:41:50,0.1321588483045593,0.1278321290897269,0.13570483,0.1392427310223432,0.166
2023-09-08 02:41:55,0.1361181425114648,0.1305720546016799,0.13937303,0.1581523300757321,0.206
2023-09-08 02:42:00,0.1391177994226229,0.1348772325292004,0.14005859,0.173620612917352,0.156
2023-09-08 02:42:05,0.1413904119425425,0.1396729684375577,0.14236994,0.1813061973352273,0.148
2023-09-08 02:42:10,0.1431121980729775,0.1426853495676334,0.14466824,0.1797321057298635,0.2
2023-09-08 02:42:15,0.144416664827857,0.1421712213418,0.1413337,0.1657050848160929,0.168
2023-09-08 02:42:20,0.1454049603452313,0.1382270203084885,0.14037652,0.1378130405848354,0.144
2023-09-08 02:42:25,0.1461537168972924,0.1323273009388537,0.14303909,0.102037219309357,0.106
2023-09-08 02:42:30,0.1467209929441817,0.126106994650074,0.14044572,0.0706166832766685,0.066
2023-09-08 02:42:35,0.1471507749774588,0.120886357671009,0.14084275,0.053948823033878,0.0279999999999999
2023-09-08 02:42:40,0.0467929000592776,0.0391986323204645,0.100152776,0.0526413513362033,0.066
2023-09-08 02:42:45,0.0406449988502566,0.0266888262345002,0.10539327,0.0576873589556085,0.066
2023-09-08 02:42:50,0.0353631240438845,0.0163054530440785,0.124529205,0.0590055407425179,0.064
2023-09-08 02:42:55,0.030825282507125,0.0078298757233063,0.13726978,0.0539554591931709,0.046
2023-09-08 02:43:00,0.0269266657152434,0.0008731994654345,0.13709751,0.0489353665575665,0.066
2023-09-08 02:43:05,0.0235772290355316,-0.005676565647621,0.14042793,0.0541419792232705,0.04
2023-09-08 02:43:10,0.0206996120061379,-0.0140853044538632,0.12680672,0.0750418043020723,0.044
2023-09-08 02:43:15,0.0182273515755962,-0.0261112904823962,0.13020411,0.1065106754653774,0.148
2023-09-08 02:43:20,0.0161033470350372,-0.041677269245272,0.12941757,0.1352994200852001,0.12
2023-09-08 02:43:25,0.0142785411882976,-0.0592554343126794,0.12724495,0.1485889719829905,0.136
2023-09-08 02:43:30,0.1515246397550169,0.1615902520049901,0.105710894,0.1416142346140832,0.184
2023-09-08 02:43:35,0.1540422902500266,0.1757313903255738,0.10806771,0.1207412011778483,0.104
2023-09-08 02:43:40,0.156201446022155,0.1919151831796426,0.1108979,0.0998036659745313,0.072
2023-09-08 02:43:45,0.1580531540561161,0.2103574432469283,0.10639129,0.0905860177278213,0.1119999999999999
2023-09-08 02:43:50,0.1596411926253093,0.2308292619957932,0.11384122,0.0954565466645743,0.096
2023-09-08 02:43:55,0.1610031063023001,0.253084324499652,0.111939244,0.1073537517173509,0.0819999999999999
2023-09-08 02:44:00,0.1621710935914984,0.2768116988029062,0.11884344,0.1147290476258222,0.126
2023-09-08 02:44:05,0.1631727681695401,0.3010293754963052,0.11565319,0.1099148994114707,0.15
2023-09-08 02:44:10,0.1640318117306936,0.3235585392594917,0.121405296,0.0973839682227351,0.09
2023-09-08 02:44:15,0.1647685338719324,0.3426021400433591,0.11855798,0.091312120043894,0.052
2023-09-08 02:44:20,0.0923728320220678,0.0817056657261903,0.12564446,0.1004959657560634,0.086
2023-09-08 02:44:25,0.0931734915871894,0.0699279514171414,0.13654013,0.1174170713126803,0.148
2023-09-08 02:44:30,0.0937778552150278,0.0576613073294285,0.14115785,0.1258300073986149,0.134
2023-09-08 02:44:35,0.0942340483469971,0.0463869911362035,0.13938153,0.1181850131480318,0.138
2023-09-08 02:44:40,0.0945783976163274,0.0371565519534322,0.14105752,0.1030756492773438,0.072
2023-09-08 02:44:45,0.094838323535809,0.0303159861745034,0.14561154,0.0962217141751341,0.086
2023-09-08 02:44:50,0.0950345239916709,0.0256656431333825,0.15067205,0.1065992742020557,0.122
2023-09-08 02:44:55,0.095182622415088,0.0228812411541536,0.14685948,0.1310360678657013,0.13
2023-09-08 02:45:00,0.0952944118751188,0.0215243312114852,0.15502249,0.158105377093576,0.14
2023-09-08 02:45:05,0.0953787941601267,0.0205359886042607,0.1457698,0.1753740334642729,0.19
2023-09-08 02:45:10,0.1838180597519706,0.1908929451422001,0.14813167,0.1773485922188042,0.218
2023-09-08 02:45:15,0.1901886999702733,0.2030449637874968,0.14502199,0.1697758804272377,0.134
2023-09-08 02:45:20,0.1949950631207747,0.2118554867223577,0.14251836,0.1632319816531759,0.126
2023-09-08 02:45:25,0.1986212491778885,0.2185894980905558,0.13902572,0.1610896943629416,0.2019999999999999
2023-09-08 02:45:30,0.2013570443954086,0.2247246579772353,0.14422318,0.1573261011527979,0.15
2023-09-08 02:45:35,0.2034210795426186,0.2316439387563323,0.14240246,0.1462363781077354,0.168
2023-09-08 02:45:40,0.2049783017578033,0.2404817834882345,0.1452541,0.1299256261078502,0.104
2023-09-08 02:45:45,0.2061531562803838,0.2517579749607528,0.14587656,0.1153228092492496,0.1159999999999999
2023-09-08 02:45:50,0.2070395314783282,0.2653766268992827,0.14705902,0.1073451019054971,0.098
2023-09-08 02:45:55,0.2077082619265928,0.2809818723836976,0.14018342,0.1071463736639875,0.1639999999999999
2023-09-08 02:46:00,0.1103372643960498,0.1083869724684978,0.13225758,0.1139288223653428,0.036
2023-09-08 02:46:05,0.1127450678085712,0.1098811167233785,0.14022073,0.123973979317397,0.15
2023-09-08 02:46:10,0.1145619640172369,0.1094898886019831,0.14803065,0.1301113925182711,0.152
2023-09-08 02:46:15,0.1159329695635769,0.105677213758127,0.14375693,0.1279053534356987,0.124
2023-09-08 02:46:20,0.1169675119877013,0.098586371953785,0.14160852,0.121829696919991,0.134
2023-09-08 02:46:25,0.1177481638458722,0.0895052885779648,0.13767023,0.1209256030950118,0.07
2023-09-08 02:46:30,0.1183372332831953,0.07982843644003,0.12616126,0.1280718186306101,0.154
2023-09-08 02:46:35,0.1187817371915074,0.070860567766227,0.12285516,0.1363918384533456,0.144
2023-09-08 02:46:40,0.1191171538877167,0.0637463542222863,0.12329796,0.1368636670098298,0.134
2023-09-08 02:46:45,0.1193702548346198,0.0590773459486242,0.11759851,0.1277804379867214,0.14
2023-09-08 02:46:50,0.1157949785503585,0.1211047828826005,0.13591811,0.116436210653249,0.12
2023-09-08 02:46:55,0.1055104119571944,0.116498813881801,0.1359526,0.111972217721173,0.066
2023-09-08 02:47:00,0.0966853593531765,0.113397625604891,0.1368759,0.1163943795546338,0.132
2023-09-08 02:47:05,0.0891126966883784,0.1105870579527434,0.13364442,0.1241234103454212,0.166
2023-09-08 02:47:10,0.0826146935140155,0.1058737788910313,0.1335595,0.1305087636832716,0.1159999999999999
2023-09-08 02:47:15,0.077038841647497,0.0976896811475314,0.1318445,0.1362292316316109,0.088
2023-09-08 02:47:20,0.0722542758042515,0.0862250569663881,0.12942477,0.142079243319983,0.198
2023-09-08 02:47:25,0.0681487021885295,0.0728535459644335,0.13207388,0.1448917453799178,0.106
2023-09-08 02:47:30,0.0646257629571868,0.058984986640229,0.13561013,0.1410512876819396,0.176
2023-09-08 02:47:35,0.0616027747003921,0.0458341662645971,0.13883275,0.131309954384884,0.108
2023-09-08 02:47:40,0.1209885936140403,0.1233160268881808,0.12891687,0.1212919303757355,0.136
2023-09-08 02:47:45,0.1132025498379251,0.1176360152991534,0.12661982,0.1181513274265729,0.1159999999999999
2023-09-08 02:47:50,0.107329053209958,0.1143098041722983,0.124613345,0.1256093458317579,0.096
2023-09-08 02:47:55,0.1028983097373142,0.1131029695893222,0.13241336,0.1406268597755012,0.176
2023-09-08 02:48:00,0.0995559246192402,0.1134791401470979,0.12907676,0.1548833514804889,0.14
2023-09-08 02:48:05,0.0970345558362136,0.1141763970563633,0.12603159,0.159733022344314,0.152
2023-09-08 02:48:10,0.0951325306908635,0.1129730683904067,0.12915686,0.1506409790143358,0.174
2023-09-08 02:48:15,0.0936977149360648,0.1083260829130366,0.1245572,0.129755247889239,0.12
2023-09-08 02:48:20,0.0926153442559234,0.1004319493568635,0.11969124,0.1056938671185587,0.11
2023-09-08 02:48:25,0.0917988447957581,0.0906152504303043,0.12095285,0.0889191392229357,0.072
2023-09-08 02:48:30,0.0794962924750881,0.0715828660372732,0.11699071,0.0853526969115706,0.092
2023-09-08 02:48:35,0.0723738656612216,0.0548958546424295,0.12184741,0.0936722016241021,0.102
2023-09-08 02:48:40,0.0669902522929503,0.0399399743492972,0.122142866,0.1073178662258103,0.096
2023-09-08 02:48:45,0.0629209520872111,0.0273539595256226,0.12138089,0.1179823384658132,0.1119999999999999
2023-09-08 02:48:50,0.0598450989321495,0.0172173476489209,0.13135009,0.1194896974838615,0.142
2023-09-08 02:48:55,0.0575201604530078,0.0092653615080029,0.12592414,0.1123224152267508,0.122
2023-09-08 02:49:00,0.0557628142276527,0.0028772604822786,0.12331626,0.1044924561470737,0.074
2023-09-08 02:49:05,0.0544344927329224,-0.0032891174240455,0.12521002,0.104840991647201,0.1159999999999999
2023-09-08 02:49:10,0.0534304572344502,-0.0114791045654289,0.12209569,0.1142592721594064,0.096
2023-09-08 02:49:15,0.0526715390913714,-0.0231961822393515,0.12960088,0.1242536945571325,0.136
2023-09-08 02:49:20,0.1306121016097579,0.1309889919378729,0.12049089,0.1248386197743492,0.144
2023-09-08 02:49:25,0.1354009694755849,0.135888317911147,0.1203086,0.1145398404790528,0.118
2023-09-08 02:49:30,0.139007730610338,0.1403543424284279,0.12115743,0.10246911480925,0.084
2023-09-08 02:49:35,0.1417241818150154,0.1455709843008894,0.123635,0.0997887945763829,0.0819999999999999
2023-09-08 02:49:40,0.1437700913919738,0.1525375716151655,0.12311361,0.1097598716182547,0.136
2023-09-08 02:49:45,0.1453109789992619,0.1617970445733361,0.121106386,0.1263056245823307,0.118
2023-09-08 02:49:50,0.1464715066418491,0.1733608182805713,0.12418015,0.1400049582203909,0.12
2023-09-08 02:49:55,0.1473455641674199,0.1869733980350769,0.12584348,0.1453940784687645,0.192
2023-09-08 02:50:00,0.1480038652108175,0.2021062018478215,0.13045809,0.1459520634625783,0.148
2023-09-08 02:50:05,0.1484996681197341,0.2175263630480424,0.13146718,0.1514420797800922,0.102
2023-09-08 02:50:10,0.1612223188327741,0.1550162540603714,0.15206803,0.1662453356073786,0.15
2023-09-08 02:50:15,0.1696058009296564,0.1550977564640411,0.15185328,0.1823818931013522,0.24
2023-09-08 02:50:20,0.1767920027893617,0.1518627974755971,0.14876679,0.1889125946255321,0.192
2023-09-08 02:50:25,0.1829519130237543,0.1467046124223727,0.15024251,0.1857184853028645,0.152
2023-09-08 02:50:30,0.1882321006439405,0.1411066608653342,0.14472488,0.1835734221686744,0.222
2023-09-08 02:50:35,0.1927582025258644,0.1363607017097824,0.14971681,0.1919613680482216,0.132
2023-09-08 02:50:40,0.1966379128163169,0.1334893852537885,0.15209143,0.2089621686053814,0.216
2023-09-08 02:50:45,0.199963545409334,0.1329651287053627,0.15023506,0.2240105027529663,0.276
2023-09-08 02:50:50,0.2028142304645956,0.1347000819341711,0.15117657,0.2316476686686831,0.238
2023-09-08 02:50:55,0.2052577972318193,0.1383818577416633,0.15678038,0.2395708696117059,0.19
2023-09-08 02:51:00,0.2502292529449567,0.2489522882004015,0.21219535,0.2588762392947376,0.282
2023-09-08 02:51:05,0.2593783453012483,0.2586762603336944,0.19768953,0.2879982800629826,0.2319999999999999
2023-09-08 02:51:10,0.2672318713311124,0.2665995563413647,0.18097763,0.3103601653090347,0.38
2023-09-08 02:51:15,0.2739732909932866,0.2710769062604666,0.17170052,0.3092043094148152,0.3
2023-09-08 02:51:20,0.2797600852165097,0.2721683982093911,0.16343123,0.2835935689658212,0.316
2023-09-08 02:51:25,0.2847274346859132,0.2712504696606677,0.17162146,0.2481743938979606,0.138
2023-09-08 02:51:30,0.2889913776912065,0.2699045089976126,0.16960278,0.219489870068171,0.3339999999999999
2023-09-08 02:51:35,0.2926515208046268,0.2695090046310595,0.17337881,0.2068903933706892,0.134
2023-09-08 02:51:40,0.2957933657106417,0.2710545302099305,0.17542212,0.2134977301130462,0.272
2023-09-08 02:51:45,0.2984903065426156,0.2748987759811241,0.17008269,0.2369615546969179,0.1639999999999999
2023-09-08 02:51:50,0.2651866756254041,0.2625599435102937,0.24077715,0.2669013264221626,0.316
2023-09-08 02:51:55,0.2894303140338697,0.2900667963294077,0.22617981,0.2868509846716264,0.27
2023-09-08 02:52:00,0.3102541044711053,0.3191184649929029,0.1941381,0.28351016090447,0.288
2023-09-08 02:52:05,0.3281404563819837,0.3485947961982019,0.17308019,0.256680954875401,0.292
2023-09-08 02:52:10,0.343503729732436,0.3762030886769102,0.17223686,0.2218160954317468,0.19
2023-09-08 02:52:15,0.3566998341821737,0.4001401407335058,0.1672581,0.2015236762010691,0.204
2023-09-08 02:52:20,0.3680344741821357,0.4204545240719675,0.17503695,0.2103642088890398,0.1939999999999999
2023-09-08 02:52:25,0.3777702310047708,0.4386616644314582,0.17739718,0.2442223991048551,0.236
2023-09-08 02:52:30,0.3861326457713451,0.4564976313302951,0.1717837,0.2827324668573558,0.316
2023-09-08 02:52:35,0.3933154443972964,0.4754250029222086,0.16915496,0.3022405948647915,0.29
2023-09-08 02:52:40,0.3068417587155513,0.3238521506131604,0.2075762,0.2894506547517147,0.266
2023-09-08 02:52:45,0.3107862218147915,0.3478966230783029,0.180603,0.2490249654499862,0.346
2023-09-08 02:52:50,0.314167711726023,0.3741218993665727,0.17073487,0.2017194703365264,0.126
2023-09-08 02:52:55,0.3170665787535693,0.4021315413034136,0.16492312,0.1695004810206991,0.102
2023-09-08 02:53:00,0.31955170521084,0.4314275076971567,0.16889185,0.1578760825080618,0.252
2023-09-08 02:53:05,0.3216821421884388,0.4608995361506125,0.16770595,0.1570418459831675,0.136
2023-09-08 02:53:10,0.3235085127146716,0.4884386036944498,0.17179094,0.1595162807641633,0.204
2023-09-08 02:53:15,0.3250742146500798,0.5124944771908031,0.15979238,0.1672682136480226,0.084
2023-09-08 02:53:20,0.3264164518989461,0.5332652645709526,0.1611369,0.179961662240894,0.186
2023-09-08 02:53:25,0.3275671184412177,0.5522089881752614,0.1534511,0.1861165205591758,0.222
2023-09-08 02:53:30,0.1849449588151117,0.1919630599012984,0.16149244,0.1731951061849849,0.212
2023-09-08 02:53:35,0.1840618113174989,0.1987046127544145,0.16752607,0.1427138969492205,0.072
2023-09-08 02:53:40,0.1833960764499244,0.2072050450292855,0.15796408,0.110434584232331,0.14
2023-09-08 02:53:45,0.182894231723984,0.2178396856300214,0.15656395,0.0955555276030428,0.11
2023-09-08 02:53:50,0.1825159307798383,0.2305731466215126,0.15076363,0.112192056348392,0.11
2023-09-08 02:53:55,0.1822307596961463,0.2452398205385187,0.1469179,0.1623339041368457,0.106
2023-09-08 02:54:00,0.1820157918293393,0.261403685418598,0.14849912,0.2289955484108722,0.246
2023-09-08 02:54:05,0.1818537446008431,0.2778641423912474,0.14043057,0.2810873511814464,0.32
2023-09-08 02:54:10,0.1817315900451258,0.2924561650882135,0.13394848,0.2935911322621458,0.294
2023-09-08 02:54:15,0.1816395074120504,0.3036652607211504,0.13292181,0.2656127141556043,0.26
2023-09-08 02:54:20,0.226359432631399,0.2344769719720221,0.22513832,0.2194939108330399,0.24
2023-09-08 02:54:25,0.1967389631507685,0.2015092533548292,0.1814929,0.183160519828181,0.114
2023-09-08 02:54:30,0.1743873997098385,0.1680742646219925,0.1530158,0.1706386514953447,0.2
2023-09-08 02:54:35,0.1575209422561301,0.1353793214586816,0.13962342,0.1762130377476236,0.176
2023-09-08 02:54:40,0.1447935378492947,0.104440304201173,0.14328599,0.1857992860477838,0.2319999999999999
2023-09-08 02:54:45,0.1351894568868447,0.0758240750655213,0.15667312,0.1914692966382013,0.136
2023-09-08 02:54:50,0.1279422312794179,0.049638525398831,0.16566479,0.1939414022699973,0.228
2023-09-08 02:54:55,0.1224734853150415,0.0257408301885851,0.14711443,0.1953874538820569,0.146
2023-09-08 02:55:00,0.1183467775177521,0.0035256544936316,0.15992942,0.1950215340999768,0.268
2023-09-08 02:55:05,0.1152327697808521,-0.0185121298733631,0.18723398,0.1910340932850127,0.138
2023-09-08 02:55:10,0.1856585381715005,0.18481480843246,0.17013897,0.1820587465265496,0.186
2023-09-08 02:55:15,0.1816014718520951,0.1748563396623855,0.16459389,0.1658245359191329,0.172
2023-09-08 02:55:20,0.1785395021071139,0.1615732922101181,0.16236055,0.1410988560782444,0.154
2023-09-08 02:55:25,0.1762285567142976,0.1465615478385575,0.15980552,0.1135424216838946,0.13
2023-09-08 02:55:30,0.1744844282436187,0.1313114271714112,0.15607572,0.0962239901275016,0.06
2023-09-08 02:55:35,0.1731680907257834,0.1169613991348491,0.15584643,0.1005205928047617,0.098
2023-09-08 02:55:40,0.172174617773538,0.1043744869519601,0.15909994,0.1263318092918395,0.146
2023-09-08 02:55:45,0.1714248188097689,0.0940318102270973,0.1576509,0.1616097146313562,0.138
2023-09-08 02:55:50,0.1708589267189993,0.0860485150297995,0.15647216,0.190537943087994,0.206
2023-09-08 02:55:55,0.1704318337595934,0.0803038475292332,0.15568437,0.2034827548323288,0.246
2023-09-08 02:56:00,0.2069050474421016,0.2180445704028522,0.17619057,0.2014485378454093,0.142
2023-09-08 02:56:05,0.2094928856846078,0.232714995154392,0.16404729,0.1910191730265408,0.184
2023-09-08 02:56:10,0.2114497337782669,0.2451114945300974,0.14695862,0.1771092743746858,0.23
2023-09-08 02:56:15,0.2129294454537344,0.2537177286826752,0.13590088,0.1633725503399337,0.156
2023-09-08 02:56:20,0.214048360432168,0.2589330277981929,0.12086708,0.1542292861712643,0.108
2023-09-08 02:56:25,0.214894451430651,0.2623930486957955,0.12276033,0.1502080254251885,0.142
2023-09-08 02:56:30,0.2155342408619411,0.2657030585204211,0.115410276,0.1466267685139402,0.2239999999999999
2023-09-08 02:56:35,0.2160180310418678,0.2701057096697715,0.1184975,0.1429490736547551,0.14
2023-09-08 02:56:40,0.2163838591202115,0.2764519707338245,0.12423307,0.1465807642703755,0.054
2023-09-08 02:56:45,0.2166604876845304,0.2851001835138544,0.13664435,0.1610176029008802,0.188
2023-09-08 02:56:50,0.1777762199150813,0.1777045216830406,0.16871217,0.1782705602966866,0.244
2023-09-08 02:56:55,0.1904303242421527,0.1964279633633941,0.17653458,0.1895176783967294,0.17
2023-09-08 02:57:00,0.199985191221016,0.2165967030433872,0.1790094,0.1948561036112741,0.148
2023-09-08 02:57:05,0.2071998846219911,0.2367840457163314,0.18191268,0.1969869948577224,0.192
2023-09-08 02:57:10,0.212647558669701,0.2546823485177009,0.1824981,0.1948652930546078,0.264
2023-09-08 02:57:15,0.2167609909225644,0.2688264290519963,0.17033224,0.1900648229887129,0.198
2023-09-08 02:57:20,0.2198669632606139,0.2796537668596709,0.16598304,0.1895795430587376,0.088
2023-09-08 02:57:25,0.222212222297763,0.2887901414163293,0.16463621,0.1939140112998863,0.21
2023-09-08 02:57:30,0.2239830815819715,0.2977766767609822,0.16229682,0.19128928506617,0.278
2023-09-08 02:57:35,0.22532022283366,0.3078406151914968,0.16180284,0.1727735853819264,0.156
2023-09-08 02:57:40,0.1492503018377653,0.1562733424438873,0.15998355,0.1460110817991859,0.0819999999999999
2023-09-08 02:57:45,0.1314943370583705,0.1421777631274489,0.15496877,0.1272223382686933,0.176
2023-09-08 02:57:50,0.1180916892241413,0.130362346303975,0.1448495,0.1259532722913456,0.096
2023-09-08 02:57:55,0.107975034274655,0.1205270068212173,0.1457971,0.1412754938410139,0.17
2023-09-08 02:58:00,0.1003387292226353,0.1120883925738628,0.14387937,0.1660348249752039,0.15
2023-09-08 02:58:05,0.0945746545221868,0.103660786742322,0.13900661,0.1899835593013031,0.1639999999999999
2023-09-08 02:58:10,0.0902237862781839,0.0929469446369455,0.1375218,0.2026143532421164,0.256
2023-09-08 02:58:15,0.0869396417345333,0.078512795315046,0.13088666,0.1989525247621194,0.182
2023-09-08 02:58:20,0.0844606870113108,0.0608598336122195,0.13893415,0.1831929131398969,0.18
2023-09-08 02:58:25,0.0825895097722735,0.0416037513210228,0.14102402,0.1634024786177668,0.15
2023-09-08 02:58:30,0.1458920200970304,0.1434183494187581,0.1689069,0.1427800962138111,0.106
2023-09-08 02:58:35,0.1326766963032327,0.1243686961492985,0.16831537,0.1201276121124575,0.2319999999999999
2023-09-08 02:58:40,0.1227029550235229,0.1072327904431545,0.16492508,0.0990952590435605,0.026
2023-09-08 02:58:45,0.115175669527781,0.0925566504064113,0.16638221,0.0902347024013561,0.084
2023-09-08 02:58:50,0.109494749465249,0.0803099226474279,0.16917703,0.1002977183672048,0.094
2023-09-08 02:58:55,0.1052073004538975,0.070186635565286,0.16657361,0.1247357230310247,0.158
2023-09-08 02:59:00,0.1019715184286976,0.0615393705812671,0.16776407,0.1533085147010543,0.16
2023-09-08 02:59:05,0.099529440333568,0.0528956561082614,0.16429614,0.1774746278542487,0.12
2023-09-08 02:59:10,0.097686378787312,0.0418787616948571,0.161128,0.1906824090797022,0.2319999999999999
2023-09-08 02:59:15,0.0962954012137193,0.0270200357261501,0.1581705,0.1889478961634765,0.204
2023-09-08 02:59:20,0.180507760205956,0.1838979007564609,0.1834774,0.1759521234292285,0.158
2023-09-08 02:59:25,0.1741277393965877,0.1772106807645397,0.17111357,0.1633240974085919,0.182
2023-09-08 02:59:30,0.1693049894156822,0.1703123353955842,0.16061556,0.1608593917586916,0.1
2023-09-08 02:59:35,0.1656594029711722,0.164309753728956,0.15552,0.1668689560844243,0.19
2023-09-08 02:59:40,0.162903651464871,0.1602072616615403,0.15071224,0.1715524779373337,0.238
2023-09-08 02:59:45,0.1608205390548175,0.1586479690183274,0.15310553,0.1696392478553748,0.118
2023-09-08 02:59:50,0.1592458842635576,0.1596664552416276,0.16270441,0.1647480670869889,0.134
2023-09-08 02:59:55,0.1580555799383224,0.1629168555383813,0.16144168,0.1618626114167112,0.222
2023-09-08 03:00:00,0.1571558116878223,0.1676572538375048,0.16488379,0.1622582697036701,0.132
2023-09-08 03:00:05,0.156475663857184,0.1723467266109175,0.16433541,0.1654031308653926,0.16
2023-09-08 03:00:10,0.1694402089452646,0.1660831980153379,0.157312,0.1701495800053121,0.184
2023-09-08 03:00:15,0.1728907851308254,0.1628062908669018,0.16684368,0.1743105533389894,0.17
2023-09-08 03:00:20,0.1758400657186153,0.1561382562079265,0.16463375,0.1757178631163723,0.172
2023-09-08 03:00:25,0.1783608783359149,0.1478545903270504,0.15862712,0.1736693799888935,0.172
2023-09-08 03:00:30,0.1805154702990683,0.139459797932195,0.15149267,0.169845095286347,0.196
2023-09-08 03:00:35,0.1823570457084529,0.1320345334824986,0.16130792,0.1677653541512281,0.15
2023-09-08 03:00:40,0.183931079236122,0.126479052620982,0.15099528,0.16854942478882,0.118
2023-09-08 03:00:45,0.1852764390479445,0.1233800799436825,0.14652407,0.1673841475413804,0.24
2023-09-08 03:00:50,0.1864263465889531,0.1228072878901687,0.1401665,0.1586589376182286,0.144
2023-09-08 03:00:55,0.1874091969322209,0.1244648642764025,0.14022204,0.1442812332167017,0.15
2023-09-08 03:01:00,0.1304662827168532,0.1314259233615977,0.14631672,0.1318260501911616,0.072
2023-09-08 03:01:05,0.1195333637365303,0.1185615707411554,0.13939485,0.1251014165751364,0.198
2023-09-08 03:01:10,0.1108812359253149,0.1032847482510719,0.14128402,0.1213877112654852,0.06
2023-09-08 03:01:15,0.1040340878035424,0.0840955895855078,0.14034179,0.1179209674809026,0.184
2023-09-08 03:01:20,0.0986153701858116,0.0615350581114515,0.14463475,0.1177085212393015,0.086
2023-09-08 03:01:25,0.0943270883933761,0.0373538617497226,0.14118224,0.1271660476710016,0.11
2023-09-08 03:01:30,0.0909334144600525,0.0130574319100187,0.14693661,0.1477939840031693,0.1639999999999999
2023-09-08 03:01:35,0.0882477181081859,-0.0102485336223919,0.1441508,0.1714459396587727,0.14
2023-09-08 03:01:40,0.086122303281616,-0.0316645208706509,0.14924322,0.1858473119837205,0.244
2023-09-08 03:01:45,0.0844402858108535,-0.0506521738209366,0.14545545,0.1855202674052014,0.17
2023-09-08 03:01:50,0.1786068771310116,0.1876201245013847,0.14932597,0.1761242330046322,0.156
2023-09-08 03:01:55,0.1726971862717125,0.1918732702979187,0.14779277,0.1669550674329771,0.178
2023-09-08 03:02:00,0.1676454757986513,0.1976364930795393,0.1466234,0.160424140168913,0.1159999999999999
2023-09-08 03:02:05,0.1633271824545114,0.2034293926118396,0.13838425,0.1511398029662405,0.222
2023-09-08 03:02:10,0.1596358273173783,0.2068476010015749,0.14513291,0.1354400354436661,0.114
2023-09-08 03:02:15,0.1564803902818352,0.2063796143958194,0.1417716,0.1186463872199767,0.126
2023-09-08 03:02:20,0.1537830657179867,0.2025871728687504,0.14535204,0.1099626903342049,0.038
2023-09-08 03:02:25,0.1514773439682614,0.1972664056777835,0.1520751,0.1130653408176164,0.212
2023-09-08 03:02:30,0.1495063713762309,0.1919217225314132,0.17014699,0.1255036097177291,0.086
2023-09-08 03:02:35,0.1478215484096268,0.187573606658928,0.16236827,0.1430918764131838,0.102
2023-09-08 03:02:40,0.1607720824141236,0.1624324400443632,0.13230962,0.1603690193771423,0.22
2023-09-08 03:02:45,0.1758766610309593,0.1840070818957622,0.148158,0.1713452570379626,0.15
2023-09-08 03:02:50,0.1887808260152384,0.2078829587301857,0.16630013,0.1740136188480124,0.1639999999999999
2023-09-08 03:02:55,0.1998051305102936,0.2338762858821966,0.17323826,0.1723905294802501,0.204
2023-09-08 03:03:00,0.2092234299312758,0.2613739923525599,0.18299629,0.1730940562359652,0.15
2023-09-08 03:03:05,0.2172696848240955,0.2888593587512948,0.16936947,0.1786885371985908,0.1639999999999999
2023-09-08 03:03:10,0.2241437726935035,0.3139146881259992,0.17660242,0.1826198300267638,0.146
2023-09-08 03:03:15,0.2300164531722824,0.3350937837297881,0.16608773,0.1750911880375318,0.288
2023-09-08 03:03:20,0.2350336098716194,0.3530380162787252,0.16165836,0.1589133107479078,0.13
2023-09-08 03:03:25,0.2393198742847201,0.3695635288241003,0.15502055,0.1537393600406148,0.114
2023-09-08 03:03:30,0.1597841009224737,0.1486254993673803,0.15066765,0.1761903468663451,0.124
2023-09-08 03:03:35,0.1649580358433025,0.144548199201412,0.15552728,0.2187953480490571,0.29
2023-09-08 03:03:40,0.1693866131947833,0.1422186564371165,0.15053055,0.2550569324074353,0.252
2023-09-08 03:03:45,0.173177209261057,0.1420607588579604,0.15316866,0.2626653421231906,0.256
2023-09-08 03:03:50,0.1764217316882976,0.1441214056282452,0.1582097,0.2388959554977811,0.2339999999999999
2023-09-08 03:03:55,0.179198847898207,0.148256151375238,0.16623846,0.2002589624558241,0.246
2023-09-08 03:04:00,0.1815758924760435,0.15392008272957,0.16202301,0.1720212028164752,0.142
2023-09-08 03:04:05,0.1836104997801456,0.159635142622426,0.15298319,0.1702549657740498,0.08
2023-09-08 03:04:10,0.1853520013575681,0.1629449660722079,0.1577726,0.1871063228576758,0.264
2023-09-08 03:04:15,0.1868426220478851,0.1623261118400417,0.1543984,0.1981192647829451,0.242
2023-09-08 03:04:20,0.1995332217094584,0.2058552813669084,0.1608221530914306,0.1868421346297391,0.13
2023-09-08 03:04:25,0.2007435666193221,0.2122952794271412,0.1569641232490539,0.1580953038005702,0.2019999999999999
2023-09-08 03:04:30,0.2017796199625067,0.2190423466426085,0.1477869600057602,0.1286677378839435,0.076
2023-09-08 03:04:35,0.2026664799981677,0.2269950285344413,0.1439642757177353,0.1111139607087591,0.126
2023-09-08 03:04:40,0.2034256307967503,0.2366125009208069,0.1433013081550598,0.1065397269055246,0.1159999999999999
2023-09-08 03:04:45,0.2040754626888358,0.2481069335531753,0.1426374167203903,0.108723749416288,0.11
2023-09-08 03:04:50,0.2046317177685378,0.2614993949922209,0.1424970775842666,0.1122818526130034,0.102
2023-09-08 03:04:55,0.20510787124371,0.2768007933703241,0.1432515382766723,0.1169979719419836,0.158
2023-09-08 03:05:00,0.2055154578711257,0.2937037546476752,0.1352687776088714,0.1256904658215588,0.064
2023-09-08 03:05:05,0.2058643513844788,0.3108919039461064,0.1394310295581817,0.1378209016265002,0.162
2023-09-08 03:05:10,0.1490359486615772,0.1477343882619188,0.1473993808031082,0.1460115711814029,0.138
2023-09-08 03:05:15,0.1574310053575853,0.153697317883208,0.1434002965688705,0.1416235101180742,0.178
2023-09-08 03:05:20,0.1637151499277118,0.1562123302917628,0.1400954127311706,0.1240903923811152,0.096
2023-09-08 03:05:25,0.1684191649699243,0.1572889211086111,0.1313914805650711,0.1030365263891227,0.114
2023-09-08 03:05:30,0.1719403693710058,0.1586651473618182,0.1304487287998199,0.0914583923458402,0.08
2023-09-08 03:05:35,0.174576177361187,0.1613482889239623,0.1240196526050567,0.0970112696989221,0.11
2023-09-08 03:05:40,0.1765492192439498,0.1658030279966022,0.1222142502665519,0.116676548237429,0.08
2023-09-08 03:05:45,0.1780261455927726,0.1721834128540691,0.1197267174720764,0.1370372496369695,0.156
2023-09-08 03:05:50,0.179131703188333,0.1804612842364148,0.1278261095285415,0.142540793075865,0.1639999999999999
2023-09-08 03:05:55,0.1799592716030175,0.190644134250748,0.1235352158546447,0.1285612189297072,0.138
2023-09-08 03:06:00,0.1087264565043429,0.1162287694233721,0.1340494006872177,0.1072604674392169,0.094
2023-09-08 03:06:05,0.0938477056949447,0.1042339496369731,0.1444057524204254,0.0979165863269553,0.092
2023-09-08 03:06:10,0.0826866329832758,0.0900261934573908,0.1435536295175552,0.1090725165832218,0.052
2023-09-08 03:06:15,0.074314320974631,0.0718072922459522,0.1418501585721969,0.130388103696655,0.186
2023-09-08 03:06:20,0.0680339561583698,0.0500722629162851,0.155273362994194,0.1443669587010878,0.186
2023-09-08 03:06:25,0.0633228342861074,0.0268982968249214,0.1518491953611374,0.145022778059541,0.11
2023-09-08 03:06:30,0.0597888565722901,0.0041238783681645,0.154888242483139,0.1404425305897399,0.102
2023-09-08 03:06:35,0.0571378959687684,-0.0171796408442963,0.1598407477140426,0.1389643788232048,0.17
2023-09-08 03:06:40,0.0551493174630389,-0.0365840422412269,0.1571243107318878,0.1403279207120493,0.15
2023-09-08 03:06:45,0.0536576149955649,-0.0540541354113377,0.1618566215038299,0.1401122672254577,0.124
2023-09-08 03:06:50,0.1383205447883469,0.1416464262031678,0.1387265920639038,0.1362805653514408,0.136
2023-09-08 03:06:55,0.13697439586912,0.144896707762523,0.137377455830574,0.1307787427188019,0.16
2023-09-08 03:07:00,0.1359630132602948,0.1496979881808252,0.140994131565094,0.1278241630356029,0.106
2023-09-08 03:07:05,0.135203145784398,0.1549283474321938,0.1417155265808105,0.1295553263665912,0.076
2023-09-08 03:07:10,0.1346322455376592,0.1581380144104197,0.1382235735654831,0.1331908266252184,0.2339999999999999
2023-09-08 03:07:15,0.1342033193076717,0.1574521096240401,0.1483414322137832,0.1354739447574581,0.086
2023-09-08 03:07:20,0.1338810603634477,0.1532006172623664,0.1382677555084228,0.1376068429935991,0.128
2023-09-08 03:07:25,0.1336389422091549,0.1473879409466956,0.1373808532953262,0.1414633744539796,0.146
2023-09-08 03:07:30,0.1334570350761215,0.1419139972891392,0.1325711905956268,0.1441320319629127,0.142
2023-09-08 03:07:35,0.1333203654193372,0.1379132712280157,0.1417722702026367,0.1408666573206439,0.1639999999999999
2023-09-08 03:07:40,0.1346115916267073,0.1394956568676451,0.1451066434383392,0.1321430325901359,0.126
2023-09-08 03:07:45,0.1299025760019383,0.140012429956599,0.1483661234378814,0.1248749924627068,0.108
2023-09-08 03:07:50,0.1263574768392205,0.1422294431681303,0.1442373692989349,0.1260993217389406,0.144
2023-09-08 03:07:55,0.1236886116081524,0.1461304338696646,0.1388908773660659,0.135823066433834,0.096
2023-09-08 03:08:00,0.1216794036016425,0.1515917642053541,0.1398108750581741,0.1458690656589199,0.192
2023-09-08 03:08:05,0.120166806874603,0.1575219409678186,0.1371208578348159,0.1459927770311374,0.1119999999999999
2023-09-08 03:08:10,0.1190280751697531,0.1614657323593446,0.1395236253738403,0.1326489452533407,0.184
2023-09-08 03:08:15,0.1181708011373228,0.1615375926096254,0.1429403424263,0.1128677925670905,0.076
2023-09-08 03:08:20,0.117525417537701,0.158073902814032,0.1453542560338974,0.0989327594501632,0.092
2023-09-08 03:08:25,0.1170395519044217,0.1530822570652145,0.1448662877082824,0.0983902877584002,0.108
2023-09-08 03:08:30,0.1043625379910818,0.0981626828922493,0.1014230027794838,0.1091502431195112,0.096
2023-09-08 03:08:35,0.1088496153311376,0.0993404389392613,0.1181908175349235,0.1234129304267331,0.156
2023-09-08 03:08:40,0.1122208510080127,0.1023415045836737,0.1272268891334533,0.1348604426694615,0.1
2023-09-08 03:08:45,0.1147537313503191,0.1072231281324831,0.1292288154363632,0.1427116698972391,0.174
2023-09-08 03:08:50,0.1166567376789626,0.1138621771376676,0.1368630975484848,0.1511707022086571,0.148
2023-09-08 03:08:55,0.1180865063997224,0.1222427034717554,0.1417139321565628,0.1647378729790594,0.142
2023-09-08 03:09:00,0.1191607217420962,0.1321690035418776,0.1389245390892028,0.1814277607301485,0.156
2023-09-08 03:09:05,0.1199678023454387,0.1424687985128825,0.1420363932847976,0.191673405427307,0.25
2023-09-08 03:09:10,0.1205741789950707,0.1506784452477575,0.137479081749916,0.1876252667922318,0.192
2023-09-08 03:09:15,0.1210297625386424,0.1549915669423597,0.1411235034465789,0.1719011707088339,0.128
2023-09-08 03:09:20,0.1549265681978685,0.152739897035043,0.1532736718654632,0.1534074026445492,0.174
2023-09-08 03:09:25,0.1421579869405967,0.1321852084176402,0.1580763161182403,0.1369432301849249,0.11
2023-09-08 03:09:30,0.132553245550144,0.1120765467634734,0.1535149812698364,0.1211364874589645,0.16
2023-09-08 03:09:35,0.1253283976740389,0.0933906480638648,0.1567926555871963,0.1055048886208014,0.108
2023-09-08 03:09:40,0.1198937456921806,0.0765197842518735,0.1473474502563476,0.0955471021489166,0.0579999999999999
2023-09-08 03:09:45,0.1158057091451967,0.061494838486562,0.1562321782112121,0.0995697649244322,0.134
2023-09-08 03:09:50,0.1127306193574305,0.0482369907283661,0.1568423956632614,0.1222311888855443,0.106
2023-09-08 03:09:55,0.110417485143941,0.0367688856729538,0.1515130549669265,0.1604214896753882,0.1639999999999999
2023-09-08 03:10:00,0.1086775067176517,0.0268734921645487,0.1601380407810211,0.2015248723544798,0.158
2023-09-08 03:10:05,0.1073686657060508,0.0173027004448396,0.1579773277044296,0.2265114433182186,0.29
2023-09-08 03:10:10,0.2368963979541375,0.2492814640161926,0.2220574617385864,0.22097362349929,0.208
2023-09-08 03:10:15,0.2447250064662694,0.2680627024530523,0.1942164450883865,0.1864877066658863,0.18
2023-09-08 03:10:20,0.2506265354940657,0.2833858683290201,0.1810210347175598,0.1407148796024283,0.16
2023-09-08 03:10:25,0.2550753522680749,0.2973188608288566,0.1573458611965179,0.1058571242719514,0.074
2023-09-08 03:10:30,0.2584290544350021,0.3116769216480394,0.1499582082033157,0.0945560273594006,0.076
2023-09-08 03:10:35,0.2609572138975724,0.3274265335098705,0.1526977270841598,0.1033136541966863,0.146
2023-09-08 03:10:40,0.262863045110378,0.344999558825492,0.1364239305257797,0.1184591768402687,0.086
2023-09-08 03:10:45,0.2642997395378773,0.3645000422860837,0.1333895772695541,0.128768217807295,0.182
2023-09-08 03:10:50,0.2653827792447192,0.3858922844314443,0.1365386694669723,0.1326894453135249,0.092
2023-09-08 03:10:55,0.2661992193896414,0.4091663498935697,0.1436575055122375,0.1346497439650628,0.128
2023-09-08 03:11:00,0.1366392972776987,0.1381868986661161,0.1334501951932907,0.1365980172022868,0.144
2023-09-08 03:11:05,0.1381383518198938,0.141891061987844,0.1463021785020828,0.1356888149447808,0.136
2023-09-08 03:11:10,0.139267833752448,0.1431480710219078,0.1645587384700775,0.1302978094254447,0.172
2023-09-08 03:11:15,0.1401188564471249,0.1402145518372041,0.1675173193216323,0.1245543764760863,0.066
2023-09-08 03:11:20,0.1407600704461989,0.133770411484143,0.1608382910490036,0.1237893072152052,0.142
2023-09-08 03:11:25,0.1412432013840463,0.1260582642197887,0.1584300845861435,0.127329728542243,0.1159999999999999
2023-09-08 03:11:30,0.1416072226054205,0.1189876810297209,0.1613079309463501,0.1293681843583774,0.168
2023-09-08 03:11:35,0.141881499078381,0.1134866786421705,0.1586074382066726,0.1261220131731571,0.1
2023-09-08 03:11:40,0.142088156215939,0.1098638358409739,0.1566281765699386,0.1188280193742788,0.11
2023-09-08 03:11:45,0.1422438646952072,0.1081253672909542,0.1445842087268829,0.1106086593999722,0.124
2023-09-08 03:11:50,0.1036296242941511,0.1042274963188254,0.1226403787732124,0.1043642904864763,0.1119999999999999
2023-09-08 03:11:55,0.0983661527734557,0.0997176777205384,0.1282802075147628,0.1037858215745137,0.092
2023-09-08 03:12:00,0.0943965306080557,0.0967731677526309,0.1319589912891388,0.1125288131489509,0.118
2023-09-08 03:12:05,0.0914027079809024,0.0939771740131347,0.1369991451501846,0.1300049635486184,0.122
2023-09-08 03:12:10,0.0891448170408079,0.0887229836742133,0.1431269347667694,0.1483318195900461,0.122
2023-09-08 03:12:15,0.0874419534672873,0.0793154997869897,0.1443890631198883,0.1556279073082341,0.212
2023-09-08 03:12:20,0.0861576822482789,0.0664767935745625,0.1440809816122055,0.1453028726615638,0.126
2023-09-08 03:12:25,0.085189106380182,0.0524241071904374,0.1502202302217483,0.1225441559091723,0.12
2023-09-08 03:12:30,0.0844586226643014,0.0389972519956141,0.1520175486803054,0.1003476446850167,0.094
2023-09-08 03:12:35,0.083907704066448,0.0270810149883919,0.1476904451847076,0.0897075271190319,0.084
2023-09-08 03:12:40,0.0870877416412316,0.0808983635029293,0.1141212880611419,0.0936045375595229,0.114
2023-09-08 03:12:45,0.0851128475828616,0.0739526721046,0.1203199550509452,0.1073762137521396,0.064
2023-09-08 03:12:50,0.0836240972348522,0.0688469539426394,0.1318527162075042,0.1231567905112779,0.174
2023-09-08 03:12:55,0.0825018205287654,0.0656415309859544,0.1376406401395797,0.1361407428407064,0.134
2023-09-08 03:13:00,0.0816558056098039,0.0640695146042232,0.137126162648201,0.1475879002349406,0.118
2023-09-08 03:13:05,0.0810180473464241,0.0627160245086572,0.1406593769788742,0.1603499869531775,0.158
2023-09-08 03:13:10,0.0805372808807352,0.0589298294491446,0.1422311067581176,0.1729874121188628,0.2019999999999999
2023-09-08 03:13:15,0.0801748608106195,0.0509311726843821,0.1410574465990066,0.1805080192864277,0.1639999999999999
2023-09-08 03:13:20,0.0799016547602881,0.0393772792939714,0.1376219987869262,0.1789040348209005,0.158
2023-09-08 03:13:25,0.0796957016354684,0.0265113723212781,0.1380369961261749,0.168195672939858,0.23
2023-09-08 03:13:30,0.1553696310932012,0.158111299537157,0.1609231680631637,0.1535688561004154,0.104
2023-09-08 03:13:35,0.1456990446784647,0.1496238044944196,0.1441709548234939,0.1426755928886088,0.146
2023-09-08 03:13:40,0.1384076103666967,0.1430726103599723,0.145865261554718,0.1395851480539748,0.132
2023-09-08 03:13:45,0.1329100105270622,0.1384522819573279,0.1396203190088272,0.1432954044034755,0.18
2023-09-08 03:13:50,0.1287649270353313,0.1356716184231531,0.1487218141555786,0.1527432594908586,0.138
2023-09-08 03:13:55,0.1256396145981565,0.1347506355166364,0.1412985473871231,0.1686679837742049,0.158
2023-09-08 03:14:00,0.1232831897277178,0.1354327887453275,0.1434530764818191,0.1875803188331954,0.168
2023-09-08 03:14:05,0.12150649114745,0.1363441014276209,0.1451610773801803,0.1975972785279371,0.1939999999999999
2023-09-08 03:14:10,0.1201668949291593,0.1348406207927191,0.1508704274892807,0.1868093677761701,0.27
2023-09-08 03:14:15,0.1191568654013661,0.1291151208867855,0.1523168087005615,0.1576053641313762,0.1
2023-09-08 03:14:20,0.1267017703988369,0.1248157736041619,0.1321013122797012,0.1283114548462237,0.13
2023-09-08 03:14:25,0.1033809714566692,0.0906638518040061,0.1302357316017151,0.1177131210203855,0.11
2023-09-08 03:14:30,0.0857823818554746,0.0571124828847101,0.1362282931804657,0.1291210537697988,0.1119999999999999
2023-09-08 03:14:35,0.0725019467932233,0.0251895461881738,0.1451701372861862,0.1494732857218403,0.158
2023-09-08 03:14:40,0.0624801234858203,-0.0047284682091502,0.1555497050285339,0.1631284635167852,0.228
2023-09-08 03:14:45,0.0549173484762657,-0.032659113998266,0.146690621972084,0.1666846147616819,0.118
2023-09-08 03:14:50,0.0492102466754493,-0.0587019977036711,0.1401874274015426,0.1690832922028292,0.152
2023-09-08 03:14:55,0.0449034927493134,-0.0828281849765538,0.1486725062131881,0.1780747060879461,0.19
2023-09-08 03:15:00,0.0416534842462876,-0.1053238762468869,0.1579223573207855,0.1904860483189676,0.204
2023-09-08 03:15:05,0.0392009282259308,-0.1276513215703644,0.1490378230810165,0.1950584116540281,0.154
2023-09-08 03:15:10,0.1927545920888417,0.1970589099426329,0.1952416598796844,0.1820379142480059,0.226
2023-09-08 03:15:15,0.1910180511593825,0.1947157942443132,0.1745537966489792,0.1533600816103207,0.186
2023-09-08 03:15:20,0.1897091055955648,0.1887956228989432,0.1726543605327606,0.1258943068358351,0.086
2023-09-08 03:15:25,0.1887224668933192,0.1816619437512914,0.1654551774263382,0.119019105569045,0.08
2023-09-08 03:15:30,0.1879787721548385,0.1752914814718561,0.1577490717172622,0.1348537250677687,0.154
2023-09-08 03:15:35,0.1874182003236453,0.1705962470457187,0.1589819490909576,0.1538907481054589,0.152
2023-09-08 03:15:40,0.1869956603194371,0.1678130982922276,0.1568597555160522,0.1532778239422527,0.196
2023-09-08 03:15:45,0.1866771640175871,0.1668974430909933,0.1584721058607101,0.1297615164779465,0.142
2023-09-08 03:15:50,0.1864370923242993,0.1678267351450957,0.1604217290878296,0.1043760518715765,0.076
2023-09-08 03:15:55,0.1862561344369288,0.1706905970900522,0.1683998852968216,0.1029397636459822,0.064
2023-09-08 03:16:00,0.1166661910352949,0.1031364822583048,0.0989584773778915,0.1304313286871753,0.118
2023-09-08 03:16:05,0.1269608119763848,0.1034156495079856,0.1118151769042015,0.1657943687922501,0.214
2023-09-08 03:16:10,0.1346816279844339,0.1010004739144899,0.1248476505279541,0.1833228801469487,0.206
2023-09-08 03:16:15,0.1404721277193212,0.0941503778043188,0.1313232779502868,0.1776136419202467,0.18
2023-09-08 03:16:20,0.1448149183187571,0.0837657460812764,0.1347440630197525,0.1655342014413759,0.128
2023-09-08 03:16:25,0.1480719481182613,0.0723519967614551,0.1331968754529953,0.1650953144888254,0.128
2023-09-08 03:16:30,0.1505146731062532,0.0618874893375047,0.1314144879579544,0.1766293070318513,0.214
2023-09-08 03:16:35,0.1523466813267086,0.0531142253585079,0.1323271244764328,0.186816868173161,0.222
2023-09-08 03:16:40,0.1537206608521628,0.0460762005331429,0.1350671201944351,0.186936828171814,0.168
2023-09-08 03:16:45,0.1547511255167253,0.0407021443252053,0.1349275112152099,0.1814866126520236,0.148
2023-09-08 03:16:50,0.1766148319696623,0.1778517305164583,0.164712905883789,0.1807240174156162,0.244
2023-09-08 03:16:55,0.1729631734763517,0.1763396699180017,0.1611682325601577,0.1895668647440075,0.108
2023-09-08 03:17:00,0.1702260613973849,0.1766846558832236,0.1569953262805938,0.2025133917218694,0.23
2023-09-08 03:17:05,0.1681744504522351,0.177178754917042,0.1556704938411712,0.2077146621955503,0.25
2023-09-08 03:17:10,0.1666366590323647,0.1748553374132004,0.1566941291093826,0.1983458631659061,0.17
2023-09-08 03:17:15,0.1654840026495268,0.1679406554663014,0.1600635647773742,0.1798148372691489,0.1939999999999999
2023-09-08 03:17:20,0.1646200254418709,0.157470362978687,0.1574330180883407,0.1638305993314957,0.148
2023-09-08 03:17:25,0.1639724286155633,0.1460763073958002,0.1592324823141098,0.1560545558733211,0.12
2023-09-08 03:17:30,0.1634870203828838,0.1357210808454495,0.1612101048231125,0.1511850154316985,0.196
2023-09-08 03:17:35,0.1631231811193463,0.1270278499237168,0.168692484498024,0.1410897704703282,0.172
2023-09-08 03:17:40,0.1286655002257134,0.1326331068773198,0.1518035531044006,0.1259775173857133,0.06
2023-09-08 03:17:45,0.1193414494817582,0.1257815087249899,0.1458813399076461,0.114755317353974,0.1639999999999999
2023-09-08 03:17:50,0.1123440226257597,0.1207713538888034,0.1557793021202087,0.1163383010551255,0.08
2023-09-08 03:17:55,0.1070926588194448,0.1179447569587995,0.1504305154085159,0.1328723324696544,0.166
2023-09-08 03:18:00,0.1031516641661554,0.1169973620538792,0.1495645940303802,0.1578329487813065,0.102
2023-09-08 03:18:05,0.1001940631638065,0.1161327676317276,0.1522165238857269,0.178588907279225,0.208
2023-09-08 03:18:10,0.0979744702796105,0.1123536803022122,0.1523490101099014,0.1855813763803005,0.26
2023-09-08 03:18:15,0.0963087308618661,0.1039475118991104,0.1502799987792968,0.181399617542442,0.086
2023-09-08 03:18:20,0.0950586422408472,0.0920344235516202,0.1492603719234466,0.1765364511259604,0.2019999999999999
2023-09-08 03:18:25,0.094120487362747,0.0792727729210972,0.1472756564617157,0.1756524671239726,0.17
2023-09-08 03:18:30,0.176246588154867,0.1758166099887354,0.1666752398014068,0.1732908657439404,0.154
2023-09-08 03:18:35,0.1766915582144148,0.1775830606670035,0.1625794619321823,0.1649209826328587,0.256
2023-09-08 03:18:40,0.177024820872355,0.1809253133315771,0.159120500087738,0.1585480857896835,0.11
2023-09-08 03:18:45,0.1772744196864644,0.1858830239274133,0.1586791276931762,0.1694777030509679,0.118
2023-09-08 03:18:50,0.1774613580263009,0.1927643059614274,0.1538252979516983,0.2012936101943669,0.214
2023-09-08 03:18:55,0.1776013664755618,0.2019250277791434,0.152608186006546,0.2378211188209393,0.262
2023-09-08 03:19:00,0.1777062265373425,0.2130112387976978,0.1543637812137603,0.2586547739179142,0.3
2023-09-08 03:19:05,0.1777847620301267,0.2241369563953144,0.1483595371246338,0.2589496852879802,0.212
2023-09-08 03:19:10,0.1778435815990085,0.2322515020348854,0.1523375511169433,0.2503608793865937,0.278
2023-09-08 03:19:15,0.1778876348233633,0.235677645022673,0.1576350629329681,0.2447793423028693,0.192
2023-09-08 03:19:20,0.2427007274955037,0.2357147667927165,0.2453491538763046,0.2400324780402358,0.2319999999999999
2023-09-08 03:19:25,0.2411427292427873,0.2258400652965204,0.2309577614068985,0.2233195435211647,0.3
2023-09-08 03:19:30,0.2399749522468446,0.2169977971072997,0.2256079614162445,0.1896486962859901,0.188
2023-09-08 03:19:35,0.2390996604357819,0.2096975068897867,0.2078940719366073,0.1532165873692965,0.102
2023-09-08 03:19:40,0.2384435970288339,0.2039848525691706,0.1973717212677002,0.1364939079899635,0.152
2023-09-08 03:19:45,0.2379518533743223,0.2000210793710613,0.2083941996097564,0.1499496134524509,0.148
2023-09-08 03:19:50,0.2375832734181906,0.1981391036503158,0.2134066969156265,0.1832986219147039,0.142
2023-09-08 03:19:55,0.2373070091841418,0.198565310182091,0.2016475945711136,0.213872447933229,0.262
2023-09-08 03:20:00,0.2370999389793059,0.2007755068106885,0.2102087587118148,0.2256945199436355,0.284
2023-09-08 03:20:05,0.2369447322444261,0.2028659600277559,0.1991544812917709,0.2230536091394853,0.1639999999999999
2023-09-08 03:20:10,0.2178515609750736,0.2173637776303074,0.2139425277709961,0.2216754334532482,0.166
2023-09-08 03:20:15,0.2139574565326033,0.2070567223537663,0.1892335712909698,0.2269331775238743,0.278
2023-09-08 03:20:20,0.2110424413444305,0.193301673564293,0.173605814576149,0.228405541292126,0.2239999999999999
2023-09-08 03:20:25,0.2088603443635165,0.1786484447065437,0.163947194814682,0.2172100795762041,0.254
2023-09-08 03:20:30,0.2072268889861885,0.1648868340165387,0.1584358662366867,0.2019309717732993,0.208
2023-09-08 03:20:35,0.2060041310184814,0.1526399779609425,0.1589713096618652,0.202388043155688,0.132
2023-09-08 03:20:40,0.2050888093829209,0.1421278787438315,0.1626858413219452,0.2274009211993056,0.218
2023-09-08 03:20:45,0.2044036257908677,0.1335972953195157,0.1624528467655182,0.2627429722196099,0.308
2023-09-08 03:20:50,0.2038907169546951,0.1272970412405647,0.1613246947526931,0.2847873663580914,0.324
2023-09-08 03:20:55,0.2035067680725633,0.1232649025151255,0.154660552740097,0.2827456928034673,0.228
2023-09-08 03:21:00,0.2698457753472894,0.2823282194640156,0.2665940821170807,0.263285327933859,0.294
2023-09-08 03:21:05,0.2588013810105523,0.2816750919293514,0.2331652194261551,0.2377074231061318,0.17
2023-09-08 03:21:10,0.2493456114926678,0.2780063929379547,0.199485570192337,0.2121124838344613,0.294
2023-09-08 03:21:15,0.2412499591237605,0.2698086871089279,0.1925919651985168,0.1909154358336081,0.158
2023-09-08 03:21:20,0.2343187847593437,0.2581592738918191,0.1784895658493042,0.183319835608082,0.228
2023-09-08 03:21:25,0.2283845899741948,0.2455158882761103,0.1904048770666122,0.1980884604166864,0.096
2023-09-08 03:21:30,0.2233039693034937,0.2337231071096356,0.1795309782028198,0.2301990147911517,0.272
2023-09-08 03:21:35,0.2189541447132807,0.2235579412406582,0.1931013166904449,0.2593253298173315,0.288
2023-09-08 03:21:40,0.215229998552412,0.2153082524557025,0.1872553825378418,0.2668980230642526,0.282
2023-09-08 03:21:45,0.2120415332844748,0.2091060930874885,0.1815093904733657,0.2522729872715499,0.2239999999999999
2023-09-08 03:21:50,0.2320666909279276,0.2397570694556299,0.2347430884838104,0.2304276821257553,0.21
2023-09-08 03:21:55,0.216948647873626,0.2293049922359537,0.2188668549060821,0.2188532123840681,0.276
2023-09-08 03:22:00,0.2056375584040383,0.2203265869161413,0.2064111232757568,0.2282240891600923,0.18
2023-09-08 03:22:05,0.1971747736024952,0.2110735511029746,0.1855431497097015,0.2579106162409722,0.228
2023-09-08 03:22:10,0.1908430469558453,0.1988358281347925,0.1888390630483627,0.2950778848080154,0.386
2023-09-08 03:22:15,0.1861057455511604,0.1821453655861432,0.1760671436786651,0.3204573740702003,0.24
2023-09-08 03:22:20,0.182561368819309,0.1621468990241447,0.1794935315847396,0.3170754598252455,0.3279999999999999
2023-09-08 03:22:25,0.1799095201518659,0.1413465630548183,0.1672470867633819,0.2776961212973345,0.3279999999999999
2023-09-08 03:22:30,0.1779254473833524,0.1215322758871627,0.1689033806324005,0.2120244819543186,0.228
2023-09-08 03:22:35,0.1764409943679573,0.1033103376044698,0.1746703386306762,0.1455705796753113,0.07
2023-09-08 03:22:40,0.0905753517544248,0.0808835925740653,0.072504699230194,0.1031874402894013,0.094
2023-09-08 03:22:45,0.0434499678146178,0.0180884942343355,0.1086559742689132,0.0942028200165299,0.166
2023-09-08 03:22:50,0.0030682493377174,-0.042638557046847,0.1425740867853164,0.1161072101453294,0.11
2023-09-08 03:22:55,-0.0315348254983518,-0.1012072414589204,0.1616482585668563,0.1633259351764429,0.11
2023-09-08 03:23:00,-0.0611861834215058,-0.1581122173869792,0.1815620958805084,0.2234106413561143,0.23
2023-09-08 03:23:05,-0.0865944175409353,-0.2150991457433049,0.1963499337434768,0.2720232105448889,0.252
2023-09-08 03:23:10,-0.1083667209457525,-0.2749585165353071,0.1605322957038879,0.2860256444706715,0.3879999999999999
2023-09-08 03:23:15,-0.1270233970973992,-0.3392966396639202,0.1673387438058853,0.2655418802310892,0.262
2023-09-08 03:23:20,-0.1430102937778125,-0.4071148830805294,0.1525994390249252,0.2350488164997028,0.114
2023-09-08 03:23:25,-0.156709457733534,-0.4759814823393809,0.150718480348587,0.2170007439150055,0.266
2023-09-08 03:23:30,0.2093839430273935,0.1997224476571114,0.1991115808486938,0.210222302441303,0.214
2023-09-08 03:23:35,0.2036640644272899,0.1840180728550453,0.179824098944664,0.1988190739342459,0.218
2023-09-08 03:23:40,0.1993686900722724,0.170221171818018,0.1850877404212951,0.1758614368582586,0.2239999999999999
2023-09-08 03:23:45,0.1961430550300519,0.1585307486658148,0.2017570436000824,0.1516187957735152,0.054
2023-09-08 03:23:50,0.193720746619739,0.1491013730137676,0.1980560272932052,0.1403362745831896,0.168
2023-09-08 03:23:55,0.1919017007705119,0.1419798588037527,0.1851530224084854,0.1457951764151157,0.166
2023-09-08 03:24:00,0.1905356782659033,0.1365746504081602,0.1762022376060485,0.1626619925499922,0.166
2023-09-08 03:24:05,0.1895098561383906,0.1309665738739445,0.1793522536754608,0.1860630222293853,0.168
2023-09-08 03:24:10,0.1887395093587845,0.1222049019621316,0.1810718923807144,0.2145153232447072,0.2319999999999999
2023-09-08 03:24:15,0.188161013199525,0.1086965938670998,0.1727583855390548,0.2461773697863217,0.216
2023-09-08 03:24:20,0.2746373488054143,0.2742484847747279,0.211109310388565,0.2762975422003217,0.314
2023-09-08 03:24:25,0.2960907510547944,0.3013142960149229,0.1882448494434356,0.2980162992246799,0.284
2023-09-08 03:24:30,0.3122625292477771,0.3292016466622748,0.1734472960233688,0.3033400169988531,0.262
2023-09-08 03:24:35,0.3244529691082233,0.3585825147874441,0.1652781814336776,0.2846305615539517,0.336
2023-09-08 03:24:40,0.3336422383535585,0.3897394113545612,0.1637148708105087,0.2409878654758563,0.254
2023-09-08 03:24:45,0.3405691967102663,0.4229458792708748,0.1653725653886795,0.1850023057533742,0.1639999999999999
2023-09-08 03:24:50,0.3457908036514191,0.4584665777895366,0.166009321808815,0.1380784051501941,0.122
2023-09-08 03:24:55,0.3497269005129648,0.4963799959362287,0.1671177595853805,0.1161210063056496,0.108
2023-09-08 03:25:00,0.352693967677934,0.5360543347252542,0.1635580509901046,0.1210446301766102,0.158
2023-09-08 03:25:05,0.354930571062227,0.57554867451439,0.1686617285013198,0.1439662260851919,0.128
2023-09-08 03:25:10,0.1692581149956075,0.1637792187185481,0.1875465959310531,0.1711933152164586,0.128
2023-09-08 03:25:15,0.1883490705719849,0.1788887070641437,0.1918587535619735,0.1887655255209382,0.24
2023-09-08 03:25:20,0.2027594052887851,0.1904305796149722,0.1861000806093216,0.1908937713663015,0.22
2023-09-08 03:25:25,0.2136366893419294,0.2009201375169978,0.189384788274765,0.1874623634249317,0.168
2023-09-08 03:25:30,0.2218471376554478,0.2121094298642658,0.1708662360906601,0.1957393594151749,0.13
2023-09-08 03:25:35,0.228044591098752,0.2246093385270151,0.1711085885763168,0.2207007452759023,0.244
2023-09-08 03:25:40,0.2327225852490452,0.2386872716302036,0.1658346652984619,0.2487574336299617,0.298
2023-09-08 03:25:45,0.2362536532062914,0.2547146829966434,0.1744848638772964,0.2624738061531017,0.238
2023-09-08 03:25:50,0.2389189923491182,0.2731207071175174,0.1511158347129821,0.2561738489966892,0.24
2023-09-08 03:25:55,0.2409308575503263,0.2941025498250366,0.1626282930374145,0.2373877428053196,0.294
2023-09-08 03:26:00,0.2171126339254231,0.220598370630446,0.2059347629547119,0.2186461175501028,0.148
2023-09-08 03:26:05,0.199783166166171,0.2038038057730815,0.1896058917045593,0.2079057928772262,0.204
2023-09-08 03:26:10,0.1849713861358932,0.1839832063610983,0.1668909639120102,0.2047690023559216,0.286
2023-09-08 03:26:15,0.1723115150588831,0.1594462100879457,0.1735065132379531,0.2056501050865348,0.138
2023-09-08 03:26:20,0.1614909158224041,0.1312756935244922,0.1657768338918686,0.2087914276007387,0.216
2023-09-08 03:26:25,0.1522423723637656,0.1020432456670313,0.1697441935539245,0.2123521504269835,0.236
2023-09-08 03:26:30,0.1443374907359568,0.0736209248411074,0.1714005023241043,0.2126987529480683,0.184
2023-09-08 03:26:35,0.1375810588903234,0.0466532824477744,0.1753174364566803,0.207330763423977,0.244
2023-09-08 03:26:40,0.1318062258904088,0.0213003231635929,0.176991119980812,0.1970642828988647,0.178
2023-09-08 03:26:45,0.1268703815070371,-0.0022026876581363,0.1850699931383133,0.1836224718976458,0.158
2023-09-08 03:26:50,0.1699495295974891,0.1724046940253865,0.1586218327283859,0.1662302724144522,0.19
2023-09-08 03:26:55,0.1582580517124244,0.1636686459068752,0.1563188135623932,0.1439360303583829,0.158
2023-09-08 03:27:00,0.148260887083463,0.1569022091987657,0.1614508628845214,0.1223648706379107,0.128
2023-09-08 03:27:05,0.1397124981115067,0.1501880125858567,0.1672181040048599,0.1141228644486317,0.086
2023-09-08 03:27:10,0.1324029301761976,0.1405242941468962,0.170166864991188,0.1287076864364764,0.128
2023-09-08 03:27:15,0.1261526549984791,0.1262041971741654,0.1663492619991302,0.1625285843140075,0.144
2023-09-08 03:27:20,0.1208081612961232,0.1082939849167999,0.161078855395317,0.2007506643488949,0.264
2023-09-08 03:27:25,0.1162381844355285,0.0893276149327515,0.1540397405624389,0.2284425366987422,0.178
2023-09-08 03:27:30,0.1123304824773122,0.0711328832370592,0.1495713889598846,0.2386557588615411,0.248
2023-09-08 03:27:35,0.1089890794330395,0.0543260313330837,0.1584714949131012,0.2327931037980086,0.258
2023-09-08 03:27:40,0.2211140254376267,0.2284825218858965,0.210280492901802,0.21823890697971104,0.198
2023-09-08 03:27:45,0.2111154631036461,0.2259699264689375,0.1988446116447448,0.2045728804647533,0.208
2023-09-08 03:27:50,0.2025556054109688,0.2256286944853112,0.1807292997837066,0.19733977363653868,0.1639999999999999
2023-09-08 03:27:55,0.1952274354929927,0.2277030205131304,0.1679427921772003,0.19515498157498598,0.244
2023-09-08 03:28:00,0.1889537243783008,0.231735803504213,0.1648128479719162,0.194654200381485,0.192
2023-09-08 03:28:05,0.1835827447761413,0.2359128239375365,0.1588659137487411,0.19567895657427223,0.182
2023-09-08 03:28:10,0.1789846016102473,0.2373269629449454,0.1672626584768295,0.1979229094656143,0.152
2023-09-08 03:28:15,0.1750480905563687,0.2342588851309057,0.1629219800233841,0.1955715261874828,0.266
2023-09-08 03:28:20,0.1716780086084536,0.2276495328416752,0.1644828915596008,0.18164776279261768,0.15
2023-09-08 03:28:25,0.1687928516305575,0.2199049201776949,0.1748025119304657,0.15765368854274836,0.19
2023-09-08 03:28:30,0.13389472062453162,0.13429716612079096,0.12313608825206757
2023-09-08 03:28:35,0.11594652026617192,0.11220269299480393,0.129164457321167
2023-09-08 03:28:40,0.10238793905116761,0.09159304845357776,0.13952703773975372
2023-09-08 03:28:45,0.09214540103101213,0.07278384549660485,0.14096857607364655
2023-09-08 03:28:50,0.08440789638869492,0.05618874950102136,0.14765216410160065
2023-09-08 03:28:55,0.0785627652334999,0.04204084418609748,0.1513613909482956
2023-09-08 03:29:00,0.07414718685250915,0.029856716760576874,0.15146252512931824
2023-09-08 03:29:05,0.07081153331095531,0.017840320845371845,0.1406516581773758
2023-09-08 03:29:10,0.06829168571926018,0.003101104571792756,0.15238402783870697
2023-09-08 03:29:15,0.06638812115349478,-0.01611004019282355,0.14498859643936157
