Time,Predicted,Actual,Raw
2023-09-08 04:02:40,0.1131336192671542,0.1133694665419202,0.0579999999999999
2023-09-08 04:02:45,0.1281756203000069,0.1250556093958345,0.124
2023-09-08 04:02:50,0.142186340116701,0.140663825762298,0.144
2023-09-08 04:02:55,0.1594507477444204,0.1461010016811476,0.206
2023-09-08 04:03:00,0.1583493307072477,0.1384798497226866,0.122
2023-09-08 04:03:05,0.1335326409469155,0.1282422165394879,0.054
2023-09-08 04:03:10,0.134452069595527,0.1258270541899536,0.192
2023-09-08 04:03:15,0.1458078918240254,0.1324006188448624,0.114
2023-09-08 04:03:20,0.1557052855281231,0.1437515275831871,0.154
2023-09-08 04:03:25,0.163078284544091,0.1559420082130921,0.136
2023-09-08 04:03:30,0.1658491512483963,0.1652877538846234,0.174
2023-09-08 04:03:35,0.1670467588035148,0.1679811602318645,0.176
2023-09-08 04:03:40,0.1784786087913389,0.1627313739101811,0.1639999999999999
2023-09-08 04:03:45,0.17989894889202,0.1525328970857912,0.138
2023-09-08 04:03:50,0.1770005778146159,0.1430541807481187,0.152
2023-09-08 04:03:55,0.1362481735304903,0.1399291611165844,0.166
2023-09-08 04:04:00,0.141126791689259,0.1455445751730069,0.088
2023-09-08 04:04:05,0.1521926048408842,0.155017542812166,0.162
2023-09-08 04:04:10,0.153280204265108,0.1579583094759205,0.2
2023-09-08 04:04:15,0.1533843679100149,0.1497702574784544,0.168
2023-09-08 04:04:20,0.1378794321726869,0.1391199030817416,0.096
2023-09-08 04:04:25,0.1393743936730959,0.1382677835373489,0.118
2023-09-08 04:04:30,0.1490586531182051,0.1472736674636998,0.158
2023-09-08 04:04:35,0.162839283378914,0.1527825018596179,0.1939999999999999
2023-09-08 04:04:40,0.1685325854845358,0.1417818784357555,0.092
2023-09-08 04:04:45,0.1165447500009412,0.1142172996024756,0.166
2023-09-08 04:04:50,0.086147145530417,0.0850212630060122,0.084
2023-09-08 04:04:55,0.0711483193873743,0.0752635513312366,0.032
2023-09-08 04:05:00,0.082997127825558,0.0956714497663309,0.1
2023-09-08 04:05:05,0.1098515945268721,0.1346438927081898,0.096
2023-09-08 04:05:10,0.1716207159754594,0.1654256194667314,0.258
2023-09-08 04:05:15,0.1748597462624006,0.168902311648232,0.144
2023-09-08 04:05:20,0.1630519696968776,0.1491773599127318,0.14
2023-09-08 04:05:25,0.1440423828019242,0.1265842397525237,0.118
2023-09-08 04:05:30,0.1225887271618153,0.1181171158285708,0.1
2023-09-08 04:05:35,0.1302012691946524,0.1251750180065597,0.138
2023-09-08 04:05:40,0.1338951299101106,0.1366452801694116,0.142
2023-09-08 04:05:45,0.1463486694254095,0.1408605774214978,0.166
2023-09-08 04:05:50,0.1491215651700269,0.1346129727203521,0.086
2023-09-08 04:05:55,0.1457716383140128,0.1234399676470707,0.172
2023-09-08 04:06:00,0.1181115453199378,0.1164540015693749,0.11
2023-09-08 04:06:05,0.1138394866491367,0.1194035210903016,0.044
2023-09-08 04:06:10,0.1216471615523367,0.1295728356644682,0.214
2023-09-08 04:06:15,0.1324802713444021,0.1390965967841519,0.126
2023-09-08 04:06:20,0.1375876667623742,0.1437984700756657,0.118
2023-09-08 04:06:25,0.1425123716191447,0.1455551806773541,0.1639999999999999
2023-09-08 04:06:30,0.1435295279917693,0.1471475589204903,0.15
2023-09-08 04:06:35,0.146201700335999,0.1478663032556387,0.108
2023-09-08 04:06:40,0.1457217361323775,0.1434263276577414,0.196
2023-09-08 04:06:45,0.1424952537554899,0.130213481883215,0.09
2023-09-08 04:06:50,0.1095991105353472,0.1114583007312554,0.1639999999999999
2023-09-08 04:06:55,0.0974419496940177,0.0985357868024255,0.074
2023-09-08 04:07:00,0.0975191864085406,0.1024808498993955,0.068
2023-09-08 04:07:05,0.1117994011160761,0.121847578635775,0.106
2023-09-08 04:07:10,0.1223766179144481,0.1420996755956574,0.228
2023-09-08 04:07:15,0.1434914622070048,0.1499890275289239,0.1119999999999999
2023-09-08 04:07:20,0.1346506841298697,0.145044158998778,0.118
2023-09-08 04:07:25,0.1306426663728788,0.1357360224535851,0.174
2023-09-08 04:07:30,0.1259886347961863,0.1299817296535756,0.1119999999999999
2023-09-08 04:07:35,0.1323933049255828,0.1303821896866702,0.104
2023-09-08 04:07:40,0.1364672645362913,0.1341128057178637,0.176
2023-09-08 04:07:45,0.1403344123738448,0.1367079933633125,0.126
2023-09-08 04:07:50,0.1408943958883656,0.1370555779743879,0.124
2023-09-08 04:07:55,0.1382499450536964,0.1381031038295452,0.16
2023-09-08 04:08:00,0.1395480476027364,0.1431960890334296,0.128
2023-09-08 04:08:05,0.148426877763206,0.151903261821996,0.13
2023-09-08 04:08:10,0.1611685488851035,0.1588358260454485,0.19
2023-09-08 04:08:15,0.1649146814220314,0.158046587250619,0.162
2023-09-08 04:08:20,0.1556197233600798,0.1491872043392421,0.142
2023-09-08 04:08:25,0.1486163771069512,0.1375340395514081,0.118
2023-09-08 04:08:30,0.1283985215838687,0.1283674734546403,0.158
2023-09-08 04:08:35,0.1265572030952043,0.1229958123533312,0.098
2023-09-08 04:08:40,0.1274782689244946,0.1190908562690013,0.1119999999999999
2023-09-08 04:08:45,0.1267505152048093,0.1140906425434952,0.16
2023-09-08 04:08:50,0.1277136839732918,0.109491623139201,0.088
2023-09-08 04:08:55,0.1127826710241251,0.1103128675349108,0.084
2023-09-08 04:09:00,0.1221172917637025,0.1183521331624487,0.132
2023-09-08 04:09:05,0.132836807248148,0.1288766289614583,0.126
2023-09-08 04:09:10,0.1445860183732746,0.1369131961911826,0.182
2023-09-08 04:09:15,0.1483978539394108,0.1440762930646875,0.102
2023-09-08 04:09:20,0.1595740980640763,0.1548272300220517,0.146
2023-09-08 04:09:25,0.1751773597377929,0.1663932669979304,0.166
2023-09-08 04:09:30,0.1801552845130721,0.1671552961938334,0.1639999999999999
2023-09-08 04:09:35,0.1778815384367137,0.1487171734139478,0.218
2023-09-08 04:09:40,0.1677493956623864,0.1185784100382186,0.076
2023-09-08 04:09:45,0.0996380735048696,0.0967685475436504,0.0579999999999999
2023-09-08 04:09:50,0.0999420749074298,0.0988152091829957,0.138
2023-09-08 04:09:55,0.114809157016395,0.1240149803551857,0.11
2023-09-08 04:10:00,0.138518556463307,0.157772519306885,0.146
2023-09-08 04:10:05,0.1482718796940102,0.1811740956022691,0.184
2023-09-08 04:10:10,0.1872553459287753,0.1823755854359476,0.244
2023-09-08 04:10:15,0.1684779563954964,0.1647309740005545,0.12
2023-09-08 04:10:20,0.1405732912018105,0.1423131154688977,0.108
2023-09-08 04:10:25,0.1178889288719736,0.126067110283572,0.152
2023-09-08 04:10:30,0.1200765190776622,0.118143905437622,0.146
2023-09-08 04:10:35,0.1214763858636742,0.1184633005998809,0.104
2023-09-08 04:10:40,0.1264613850407042,0.1282396274886185,0.11
2023-09-08 04:10:45,0.1381369988052276,0.1438089605116582,0.126
2023-09-08 04:10:50,0.1478606065079317,0.1533250316584511,0.18
2023-09-08 04:10:55,0.1547869030365742,0.1463788053766091,0.174
2023-09-08 04:11:00,0.1280846871978248,0.1270380657051238,0.126
2023-09-08 04:11:05,0.1121014740051325,0.1128148362263861,0.072
2023-09-08 04:11:10,0.1135534631297263,0.1178658450227771,0.122
2023-09-08 04:11:15,0.121554402378833,0.1381182319566338,0.12
2023-09-08 04:11:20,0.13486958804778,0.1542970460861108,0.192
2023-09-08 04:11:25,0.1477229393539644,0.1497343501881221,0.168
2023-09-08 04:11:30,0.1293030857251368,0.1253199661720199,0.1
2023-09-08 04:11:35,0.1118114043490832,0.0980457377502327,0.104
2023-09-08 04:11:40,0.1067538963729828,0.0865282994896618,0.076
2023-09-08 04:11:45,0.1151909376527881,0.0966653600540422,0.09
2023-09-08 04:11:50,0.1225849757468521,0.1167921519547895,0.084
2023-09-08 04:11:55,0.1370178982763243,0.1261949222112658,0.1939999999999999
2023-09-08 04:12:00,0.1470397125069135,0.1134901524926128,0.122
2023-09-08 04:12:05,0.1523087536037685,0.0885849230851045,0.066
2023-09-08 04:12:10,0.1312613836805831,0.0735943214248872,0.03
2023-09-08 04:12:15,0.0830764626440834,0.0822392697547362,0.1159999999999999
2023-09-08 04:12:20,0.1094309702350434,0.1104474093070936,0.106
2023-09-08 04:12:25,0.1393878414798504,0.1435630377325955,0.154
2023-09-08 04:12:30,0.1473774678612342,0.1673428017260501,0.14
2023-09-08 04:12:35,0.1453578920849168,0.1739303162534264,0.23
2023-09-08 04:12:40,0.1675032895318254,0.163417682005283,0.096
2023-09-08 04:12:45,0.143734212968017,0.1427977311502302,0.184
2023-09-08 04:12:50,0.131802984369929,0.124051554823435,0.15
2023-09-08 04:12:55,0.1260588997815492,0.1205734763382985,0.068
2023-09-08 04:13:00,0.1244283372438439,0.138200564170869,0.138
2023-09-08 04:13:05,0.1714012191905033,0.1668520032747683,0.146
2023-09-08 04:13:10,0.1905438262633185,0.1866116805110982,0.2739999999999999
2023-09-08 04:13:15,0.1906454885415861,0.1857909900320156,0.136
2023-09-08 04:13:20,0.184366014231463,0.1703170581478729,0.182
2023-09-08 04:13:25,0.166075841561359,0.1548000388287934,0.114
2023-09-08 04:13:30,0.1452160714736604,0.1488723887833171,0.2
2023-09-08 04:13:35,0.1446788354919221,0.1534219454598096,0.11
2023-09-08 04:13:40,0.1390619098649626,0.1650740278663589,0.212
2023-09-08 04:13:45,0.1437978820773701,0.180094049137169,0.14
2023-09-08 04:13:50,0.1424556463121923,0.1948153394464064,0.192
2023-09-08 04:13:55,0.2047148073763231,0.20621499229944,0.266
2023-09-08 04:14:00,0.2067125024354727,0.2136084406931241,0.1639999999999999
2023-09-08 04:14:05,0.1920464016241083,0.2168464270148461,0.1639999999999999
2023-09-08 04:14:10,0.1849777259391341,0.214224815579035,0.326
2023-09-08 04:14:15,0.1704156838943689,0.2085373247997394,0.188
2023-09-08 04:14:20,0.2007283822106609,0.211222834508083,0.172
2023-09-08 04:14:25,0.2058352746455361,0.2296762762019309,0.178
2023-09-08 04:14:30,0.2158464566226036,0.2525087550660896,0.326
2023-09-08 04:14:35,0.210631210302754,0.2572848114085832,0.252
2023-09-08 04:14:40,0.2074355039084475,0.2331054952312732,0.258
2023-09-08 04:14:45,0.1898431874082571,0.1902536567122616,0.15
2023-09-08 04:14:50,0.1586905772192701,0.1488460032098839,0.13
2023-09-08 04:14:55,0.135844641984901,0.1235808208626865,0.174
2023-09-08 04:15:00,0.1468293244813834,0.1191756424990239,0.102
2023-09-08 04:15:05,0.158427736318839,0.1320852630040034,0.088
2023-09-08 04:15:10,0.1502071311545503,0.151064261797627,0.206
2023-09-08 04:15:15,0.1706506034497029,0.1606238946702751,0.128
2023-09-08 04:15:20,0.1733393396595198,0.1502200732689549,0.17
2023-09-08 04:15:25,0.1622009902017127,0.1223431773045254,0.148
2023-09-08 04:15:30,0.1606251821989424,0.0920367222052996,0.062
2023-09-08 04:15:35,0.0801373121437224,0.0760255592662988,0.0559999999999999
2023-09-08 04:15:40,0.0864227107648547,0.0788210814533521,0.09
2023-09-08 04:15:45,0.1095136675346888,0.0892730382615525,0.074
2023-09-08 04:15:50,0.1368815033317298,0.0924072226923742,0.14
2023-09-08 04:15:55,0.1498535526973302,0.0856401229533529,0.102
2023-09-08 04:16:00,0.0775194639918784,0.0820165987588446,0.0279999999999999
2023-09-08 04:16:05,0.0897992505104273,0.0951170431547923,0.068
2023-09-08 04:16:10,0.11171381302939,0.123007387462551,0.17
2023-09-08 04:16:15,0.1341424025344435,0.1509733089932319,0.16
2023-09-08 04:16:20,0.144866560854345,0.1670313364213427,0.152
2023-09-08 04:16:25,0.1721593588929082,0.1700263907913122,0.168
2023-09-08 04:16:30,0.1739356962670739,0.1655967908866856,0.174
2023-09-08 04:16:35,0.1575750717533965,0.1593145160446611,0.152
2023-09-08 04:16:40,0.1479238217590127,0.1527357554634057,0.13
2023-09-08 04:16:45,0.1437803782839047,0.1437405863462888,0.178
2023-09-08 04:16:50,0.1325417422195329,0.1319200211301911,0.132
2023-09-08 04:16:55,0.1214841451120889,0.1235551404066315,0.14
2023-09-08 04:17:00,0.1133967841669623,0.1268883939067925,0.07
2023-09-08 04:17:05,0.1206250067032194,0.1397945259388109,0.138
2023-09-08 04:17:10,0.128635365596251,0.1466110089734501,0.166
2023-09-08 04:17:15,0.1314329723690202,0.1339874358156785,0.212
2023-09-08 04:17:20,0.0981655553013032,0.1092415555066934,0.05
2023-09-08 04:17:25,0.0805683503848334,0.0961165447727869,0.064
2023-09-08 04:17:30,0.0828093270434931,0.1108475585916832,0.122
2023-09-08 04:17:35,0.1017142522689373,0.1468920376766449,0.148
2023-09-08 04:17:40,0.1831886382040592,0.1829746506982282,0.208
2023-09-08 04:17:45,0.2000668127521895,0.2018211313028775,0.184
2023-09-08 04:17:50,0.1979811646091775,0.2020481444759957,0.244
2023-09-08 04:17:55,0.1891217399341026,0.1964182228504256,0.154
2023-09-08 04:18:00,0.1639857797580538,0.1993224879783389,0.178
2023-09-08 04:18:05,0.2150253007927648,0.214248933471611,0.256
2023-09-08 04:18:10,0.2254966376023852,0.2320268430340672,0.212
2023-09-08 04:18:15,0.2211162560308791,0.2384911248937326,0.22
2023-09-08 04:18:20,0.2262271865702964,0.223931536744495,0.268
2023-09-08 04:18:25,0.1984332953137177,0.1909555124981692,0.206
2023-09-08 04:18:30,0.1561049896700666,0.1551426198741511,0.106
2023-09-08 04:18:35,0.1364846120687731,0.132846543221027,0.142
2023-09-08 04:18:40,0.1403899023596538,0.1260522017425215,0.084
2023-09-08 04:18:45,0.1509404416645184,0.1226065428103199,0.192
2023-09-08 04:18:50,0.1711234521967886,0.1132736670663316,0.138
2023-09-08 04:18:55,0.1031325037154561,0.1046757166723758,0.048
2023-09-08 04:19:00,0.1071339872486533,0.1105585126373129,0.102
2023-09-08 04:19:05,0.1235820962424668,0.1326173400073045,0.12
2023-09-08 04:19:10,0.1450085704754659,0.1564183413319959,0.2019999999999999
2023-09-08 04:19:15,0.1594223755331589,0.1668140243061855,0.18
2023-09-08 04:19:20,0.1600742177708219,0.1622393499576269,0.136
2023-09-08 04:19:25,0.1509849278259124,0.1516984219621648,0.124
2023-09-08 04:19:30,0.145756430493898,0.1423355035014692,0.18
2023-09-08 04:19:35,0.1445461618160871,0.1345187053092894,0.118
2023-09-08 04:19:40,0.1456682813735637,0.1266311923697139,0.132
2023-09-08 04:19:45,0.1201333736770229,0.1199721662936259,0.138
2023-09-08 04:19:50,0.1183006844031522,0.1183430308024272,0.08
2023-09-08 04:19:55,0.1211446596594961,0.1239254902520284,0.16
2023-09-08 04:20:00,0.1300519787052055,0.1338471784003755,0.088
2023-09-08 04:20:05,0.1339878304302453,0.1417854950720141,0.174
2023-09-08 04:20:10,0.1466711952861317,0.1450255662324669,0.182
2023-09-08 04:20:15,0.1404307710500655,0.1493125625127193,0.1119999999999999
2023-09-08 04:20:20,0.134232334401224,0.1620150215762829,0.12
2023-09-08 04:20:25,0.1321162430020463,0.1799896433677498,0.2
2023-09-08 04:20:30,0.1322613529309331,0.1910111360415587,0.254
2023-09-08 04:20:35,0.189887007638884,0.1887454543464092,0.166
2023-09-08 04:20:40,0.176944906824202,0.1787596763073014,0.1119999999999999
2023-09-08 04:20:45,0.1536704949626679,0.1683420226776785,0.226
2023-09-08 04:20:50,0.145124734251393,0.1589280629407449,0.152
2023-09-08 04:20:55,0.1376891784839917,0.1508386289580004,0.16
2023-09-08 04:21:00,0.143621988430027,0.1478669729532619,0.124
2023-09-08 04:21:05,0.1489848173319788,0.1531966988791805,0.17
2023-09-08 04:21:10,0.1560556291325693,0.1632190829844518,0.138
2023-09-08 04:21:15,0.1672706022145653,0.1674385640515679,0.17
2023-09-08 04:21:20,0.1691366612564382,0.1566453551116275,0.1939999999999999
2023-09-08 04:21:25,0.1348598129904672,0.1339529659603685,0.154
2023-09-08 04:21:30,0.1160109028103291,0.11582352620295,0.048
2023-09-08 04:21:35,0.1112686059363388,0.1176011920706819,0.134
2023-09-08 04:21:40,0.1223257950809997,0.138324315367972,0.132
2023-09-08 04:21:45,0.1358666376653972,0.1620204276227291,0.186
2023-09-08 04:21:50,0.1808242367888779,0.1722234393899524,0.176
2023-09-08 04:21:55,0.1727321609665092,0.1637521938598961,0.148
2023-09-08 04:22:00,0.1605454107038202,0.1435603560955335,0.162
2023-09-08 04:22:05,0.1585517222839328,0.1239650028709336,0.1119999999999999
2023-09-08 04:22:10,0.142749147776578,0.1141579601979518,0.0924
2023-09-08 04:22:15,0.1182437435658668,0.1148568645454169,0.132
2023-09-08 04:22:20,0.1258865867018448,0.1202783581786694,0.132
2023-09-08 04:22:25,0.1308753874634818,0.1252892100050712,0.13
2023-09-08 04:22:30,0.136264787113849,0.128790744135038,0.098
2023-09-08 04:22:35,0.1391490981194279,0.1302361641314284,0.144
2023-09-08 04:22:40,0.1331435366126165,0.127007673226533,0.124
2023-09-08 04:22:45,0.1240451599761034,0.1182967600977588,0.152
2023-09-08 04:22:50,0.1198778151924769,0.109509088293886,0.08
2023-09-08 04:22:55,0.1201372626515618,0.1089444977898099,0.094
2023-09-08 04:23:00,0.1208244606769763,0.1196517274384578,0.146
2023-09-08 04:23:05,0.1396984175737359,0.1360037890114205,0.12
2023-09-08 04:23:10,0.1531514098156289,0.1471831810519482,0.14
2023-09-08 04:23:15,0.1604157303640718,0.1434600459559159,0.166
2023-09-08 04:23:20,0.1579991984838341,0.1229531365987233,0.122
2023-09-08 04:23:25,0.1469172838239562,0.095398026410392,0.1119999999999999
2023-09-08 04:23:30,0.0795373326934518,0.0769786925972456,0.042
2023-09-08 04:23:35,0.0783277621865115,0.0774956207629777,0.0559999999999999
2023-09-08 04:23:40,0.096903661412274,0.0919454668214174,0.14
2023-09-08 04:23:45,0.1192827809028696,0.1058397114060976,0.076
2023-09-08 04:23:50,0.1386875033776753,0.1086622080519278,0.128
2023-09-08 04:23:55,0.0981289862434871,0.1034517111060631,0.13
2023-09-08 04:24:00,0.0912436447874018,0.1056232057869234,0.086
2023-09-08 04:24:05,0.0930485176233418,0.1301864341246999,0.064
2023-09-08 04:24:10,0.1036097437370763,0.1773854091154235,0.236
2023-09-08 04:24:15,0.1172346926565439,0.2329163883441166,0.254
2023-09-08 04:24:20,0.2779390111795988,0.2809747465081731,0.25
2023-09-08 04:24:25,0.2885457582357912,0.3118676925950023,0.29
2023-09-08 04:24:30,0.2845716518311377,0.3205791104727121,0.36
2023-09-08 04:24:35,0.2593176176637418,0.3075080846791233,0.3379999999999999
2023-09-08 04:24:40,0.2271314564528918,0.2798263760846507,0.2
2023-09-08 04:24:45,0.244658298209804,0.245362916891615,0.242
2023-09-08 04:24:50,0.2074012152708958,0.2085065989828869,0.314
2023-09-08 04:24:55,0.1882182615326398,0.1770701284025918,0.122
2023-09-08 04:25:00,0.1756516542303742,0.1642552650884112,0.132
2023-09-08 04:25:05,0.1845400358114652,0.1746979663189297,0.16
2023-09-08 04:25:10,0.1962811853078575,0.194418224510284,0.244
2023-09-08 04:25:15,0.2018496893740107,0.2018159485158103,0.204
2023-09-08 04:25:20,0.2005424847374932,0.185950446463418,0.168
2023-09-08 04:25:25,0.1919798738853276,0.1521917887908187,0.162
2023-09-08 04:25:30,0.1795975520001025,0.1154177292579791,0.11
2023-09-08 04:25:35,0.0910231824662975,0.0913382593949896,0.088
2023-09-08 04:25:40,0.0900860072280168,0.0908159759293515,0.094
2023-09-08 04:25:45,0.1096929498181062,0.116795702987524,0.12
2023-09-08 04:25:50,0.1299717006439086,0.1628063824476666,0.146
2023-09-08 04:25:55,0.149421445368407,0.2134312245787143,0.204
2023-09-08 04:26:00,0.2481864774857863,0.2499182789917125,0.286
2023-09-08 04:26:05,0.2598697076821878,0.2607044284764169,0.28
2023-09-08 04:26:10,0.2382461687880252,0.2473188613593592,0.176
2023-09-08 04:26:15,0.2082996614832906,0.2194480573137656,0.268
2023-09-08 04:26:20,0.1832970349379446,0.1876934434949625,0.196
2023-09-08 04:26:25,0.165488575840809,0.1614420230661796,0.128
2023-09-08 04:26:30,0.149989684402909,0.1471253761762579,0.156
2023-09-08 04:26:35,0.1475307644843586,0.1448055747146395,0.168
2023-09-08 04:26:40,0.1566087866513741,0.1479613907692816,0.084
2023-09-08 04:26:45,0.160286961286875,0.1483527825341132,0.226
2023-09-08 04:26:50,0.1437459258903257,0.1436040634194468,0.134
2023-09-08 04:26:55,0.1377469544332317,0.1402789286826057,0.108
2023-09-08 04:27:00,0.1344042462009664,0.1462558602407656,0.13
2023-09-08 04:27:05,0.1338232443281688,0.1608541473834335,0.212
2023-09-08 04:27:10,0.1410520214125228,0.1752270199873172,0.128
2023-09-08 04:27:15,0.1873271466808383,0.1801989546723099,0.216
2023-09-08 04:27:20,0.1875117664218444,0.1724535128599497,0.15
2023-09-08 04:27:25,0.1746221382190814,0.1569620991594988,0.198
2023-09-08 04:27:30,0.1616541041874735,0.1447496860577844,0.106
2023-09-08 04:27:35,0.1492670083186233,0.1445242658415911,0.128
2023-09-08 04:27:40,0.1568690065473532,0.1544528711488773,0.178
2023-09-08 04:27:45,0.1655604697908944,0.1640123274153829,0.1639999999999999
2023-09-08 04:27:50,0.1687315709611206,0.1648869963254481,0.172
2023-09-08 04:27:55,0.1646943118287791,0.1591908671131059,0.182
2023-09-08 04:28:00,0.1574643895012721,0.1562504377023475,0.1119999999999999
2023-09-08 04:28:05,0.1669990866384597,0.1609817540702546,0.122
2023-09-08 04:28:10,0.1795032310852009,0.1679331415614389,0.2739999999999999
2023-09-08 04:28:15,0.1845962948704571,0.1694623563567243,0.106
2023-09-08 04:28:20,0.1799836002933234,0.1659893261882771,0.18
2023-09-08 04:28:25,0.1634911430754786,0.1644442435726938,0.166
2023-09-08 04:28:30,0.1719323140184456,0.169777222346389,0.158
2023-09-08 04:28:35,0.1793898028745678,0.1799343484835415,0.176
2023-09-08 04:28:40,0.1770317751972637,0.1868675480677922,0.2019999999999999
2023-09-08 04:28:45,0.169070603734302,0.1820690724322983,0.178
2023-09-08 04:28:50,0.1590055502754873,0.1629444577110197,0.162
2023-09-08 04:28:55,0.1385993586474371,0.1356469642376758,0.156
2023-09-08 04:29:00,0.1164130282790615,0.1121697355638289,0.102
2023-09-08 04:29:05,0.1087071387530059,0.1021637513626766,0.042
2023-09-08 04:29:10,0.1194458516000091,0.1060808299425249,0.188
2023-09-08 04:29:15,0.1312021130252457,0.1180003934770653,0.086
2023-09-08 04:29:20,0.1342928160121325,0.1334052006197904,0.152
2023-09-08 04:29:25,0.1413700114146815,0.1495225544390052,0.092
2023-09-08 04:29:30,0.1514701575860754,0.160392033777611,0.2
2023-09-08 04:29:35,0.1572963886570222,0.1593681700759803,0.192
2023-09-08 04:29:40,0.1519905103641039,0.1475659427165205,0.124
2023-09-08 04:29:45,0.1349392112065099,0.1337134963485563,0.088
2023-09-08 04:29:50,0.1264231373700825,0.1246235181687529,0.172
2023-09-08 04:29:55,0.1328415347519616,0.1211957556748088,0.124
2023-09-08 04:30:00,0.1469148112142237,0.1230305400427126,0.1159999999999999
2023-09-08 04:30:05,0.1503864670633236,0.1299221626590146,0.09
2023-09-08 04:30:10,0.1387551926255287,0.1384537193060687,0.192
2023-09-08 04:30:15,0.1353891084055672,0.142968290350266,0.122
2023-09-08 04:30:20,0.1408156247286501,0.14110686018753,0.138
2023-09-08 04:30:25,0.138408118015271,0.1358768611143166,0.162
2023-09-08 04:30:30,0.1389363224658509,0.1321085003134172,0.088
2023-09-08 04:30:35,0.1351470406368003,0.1314637739205409,0.152
2023-09-08 04:30:40,0.1383886121060161,0.1312571537647134,0.128
2023-09-08 04:30:45,0.1431217475521993,0.1292583633589189,0.154
2023-09-08 04:30:50,0.1473768534835841,0.1285568646952055,0.124
2023-09-08 04:30:55,0.1494124192436839,0.134087248279853,0.088
2023-09-08 04:31:00,0.1413133346141544,0.1439008890511502,0.154
2023-09-08 04:31:05,0.1546406104433884,0.1486188947814108,0.2019999999999999
2023-09-08 04:31:10,0.1590805647486487,0.1417874510577954,0.12
2023-09-08 04:31:15,0.1485132700018444,0.1263200423988054,0.09
2023-09-08 04:31:20,0.150163452491834,0.1092894824408938,0.138
2023-09-08 04:31:25,0.0997900954334846,0.0960323996493519,0.114
2023-09-08 04:31:30,0.087019110037126,0.0903467917437846,0.054
2023-09-08 04:31:35,0.0920751986640523,0.0943259051131316,0.104
2023-09-08 04:31:40,0.1020597967186456,0.10612095958058,0.118
2023-09-08 04:31:45,0.1191416262316149,0.1208494434415137,0.1119999999999999
2023-09-08 04:31:50,0.1408326738174838,0.1341612699829661,0.128
2023-09-08 04:31:55,0.1465622346002509,0.144525524201974,0.178
2023-09-08 04:32:00,0.1457451792621077,0.1530243874224026,0.1119999999999999
2023-09-08 04:32:05,0.1475854819580718,0.1607678035036701,0.166
2023-09-08 04:32:10,0.1450003814279827,0.1669448829657845,0.192
2023-09-08 04:32:15,0.1724461592781687,0.1705163567979859,0.174
2023-09-08 04:32:20,0.1669698919474674,0.1713737084544837,0.11
2023-09-08 04:32:25,0.1644966509441623,0.1683916146146306,0.23
2023-09-08 04:32:30,0.1552158754481986,0.1609033393643192,0.152
2023-09-08 04:32:35,0.1481125148661482,0.1538988763693447,0.168
2023-09-08 04:32:40,0.1588052471635955,0.1561438708098235,0.104
2023-09-08 04:32:45,0.1742898006655893,0.1699047645062079,0.1939999999999999
2023-09-08 04:32:50,0.1862017156881766,0.186111031855549,0.17
2023-09-08 04:32:55,0.1930711525104259,0.1933130852128295,0.252
2023-09-08 04:33:00,0.1841205854514715,0.190692458833397,0.158
2023-09-08 04:33:05,0.1879890335043142,0.1891047932888268,0.198
2023-09-08 04:33:10,0.1954804939615664,0.1976050516916423,0.136
2023-09-08 04:33:15,0.1980998352314332,0.2109462811879693,0.258
2023-09-08 04:33:20,0.2004322174809497,0.2137521728452439,0.228
2023-09-08 04:33:25,0.1870502666631343,0.1967140242492571,0.206
2023-09-08 04:33:30,0.1732424096230894,0.1655673723644227,0.12
2023-09-08 04:33:35,0.1459591061118972,0.1352532672162841,0.176
2023-09-08 04:33:40,0.1428104139335621,0.1193938678494319,0.108
2023-09-08 04:33:45,0.1466983424027025,0.1234147107054417,0.088
2023-09-08 04:33:50,0.1595645490627498,0.1420298869549673,0.166
2023-09-08 04:33:55,0.1675573670233398,0.1633399633434715,0.192
2023-09-08 04:34:00,0.1799060290689386,0.1776911771753447,0.154
2023-09-08 04:34:05,0.1832947576333916,0.1816576155632938,0.15
2023-09-08 04:34:10,0.1749159031517931,0.1756771880285432,0.242
2023-09-08 04:34:15,0.1657371668974924,0.1629405238046195,0.13
2023-09-08 04:34:20,0.1461342839456251,0.1491790063652022,0.1119999999999999
2023-09-08 04:34:25,0.1441166132491095,0.1399978823252708,0.208
2023-09-08 04:34:30,0.1406657962661894,0.1395007623336227,0.12
2023-09-08 04:34:35,0.1461320086439486,0.1494051526198398,0.1
2023-09-08 04:34:40,0.1556876874158235,0.1648665005237468,0.2019999999999999
2023-09-08 04:34:45,0.1815452486829623,0.1742932650735627,0.174
2023-09-08 04:34:50,0.1736923225733505,0.1687494216347087,0.176
2023-09-08 04:34:55,0.1640320937766443,0.1509499115104453,0.174
2023-09-08 04:35:00,0.1493149423046525,0.1330700294947897,0.0559999999999999
2023-09-08 04:35:05,0.1467347712877957,0.1273213700836547,0.192
2023-09-08 04:35:10,0.1429798237987702,0.1407685066655722,0.15
2023-09-08 04:35:15,0.1640351833334257,0.175114453808785,0.122
2023-09-08 04:35:20,0.1852732109835676,0.2233526013805097,0.2339999999999999
2023-09-08 04:35:25,0.2031425895340989,0.2672650186098593,0.254
2023-09-08 04:35:30,0.1920304491140497,0.2879694060701314,0.348
2023-09-08 04:35:35,0.2869184838293743,0.2847264899211502,0.288
2023-09-08 04:35:40,0.2646415190971107,0.2796854264880453,0.284
2023-09-08 04:35:45,0.2396161756966516,0.2958636637736979,0.178
2023-09-08 04:35:50,0.2234608272089031,0.3276488794093483,0.344
2023-09-08 04:35:55,0.2168913954840841,0.3407939006640899,0.46
2023-09-08 04:36:00,0.3107526754818311,0.3074678400803327,0.29
2023-09-08 04:36:05,0.2377268394992704,0.2352826288028463,0.182
2023-09-08 04:36:10,0.1701029406646368,0.1583761095246,0.188
2023-09-08 04:36:15,0.14421101618647,0.1076853495753287,0.064
2023-09-08 04:36:20,0.1641416641235439,0.0922086325910039,0.108
2023-09-08 04:36:25,0.101419834303809,0.1005711860440168,0.118
2023-09-08 04:36:30,0.1140683652558689,0.1144484359373233,0.11
2023-09-08 04:36:35,0.1165524423337468,0.121371482139917,0.124
2023-09-08 04:36:40,0.1445031838098976,0.1191156558033213,0.122
2023-09-08 04:36:45,0.1540750316697744,0.1127594962515005,0.098
2023-09-08 04:36:50,0.1121753164433894,0.1094392074652935,0.132
2023-09-08 04:36:55,0.1149183697842207,0.1137072041362075,0.09
2023-09-08 04:37:00,0.1178575385685173,0.1244613305647563,0.1119999999999999
2023-09-08 04:37:05,0.1221395366025527,0.1357491456992728,0.176
2023-09-08 04:37:10,0.1246137715905588,0.1426368244663529,0.126
2023-09-08 04:37:15,0.1436945718062304,0.1466058020160513,0.144
2023-09-08 04:37:20,0.1436342389571756,0.1543549501369199,0.16
2023-09-08 04:37:25,0.1527390114662017,0.1718691755592964,0.176
2023-09-08 04:37:30,0.1493464807053631,0.1987620405631529,0.152
2023-09-08 04:37:35,0.1459072600648661,0.2263370825304472,0.296
2023-09-08 04:37:40,0.2426072741464463,0.2414998733461274,0.178
2023-09-08 04:37:45,0.2312401528115161,0.2346657294475306,0.268
2023-09-08 04:37:50,0.2140528067475399,0.2078349865866025,0.2319999999999999
2023-09-08 04:37:55,0.1851021777599535,0.1778748186471598,0.208
2023-09-08 04:38:00,0.1668659176514288,0.1660933767855617,0.034
2023-09-08 04:38:05,0.1889303467893563,0.177835227638744,0.208
2023-09-08 04:38:10,0.2087814825501191,0.1982878293392811,0.31
2023-09-08 04:38:15,0.2106466720796632,0.2135897825123284,0.186
2023-09-08 04:38:20,0.2054052211648905,0.224926207603239,0.142
2023-09-08 04:38:25,0.192593384065938,0.2348511631290107,0.228
2023-09-08 04:38:30,0.2365834384580361,0.2347975772366393,0.304
2023-09-08 04:38:35,0.2062584215207603,0.219787258965085,0.294
2023-09-08 04:38:40,0.1716001131729025,0.205030887392641,0.088
2023-09-08 04:38:45,0.145428075209815,0.2115083169323131,0.168
2023-09-08 04:38:50,0.1464968605870294,0.238994765247137,0.312
2023-09-08 04:38:55,0.2655650906131246,0.2660789912403336,0.322
2023-09-08 04:39:00,0.2647581909814251,0.2725737663833953,0.142
2023-09-08 04:39:05,0.2395413840781809,0.2527007853301821,0.352
2023-09-08 04:39:10,0.2140211963028351,0.2149794691926455,0.2239999999999999
2023-09-08 04:39:15,0.1995777587313953,0.1788974749081284,0.13
2023-09-08 04:39:20,0.1670914214908208,0.1644764791260803,0.144
2023-09-08 04:39:25,0.1767012013830349,0.1778571090372759,0.236
2023-09-08 04:39:30,0.2051662427307929,0.2076323001281971,0.154
2023-09-08 04:39:35,0.216021055007385,0.2328888656502032,0.248
2023-09-08 04:39:40,0.2117820081162526,0.2349886621371165,0.242
2023-09-08 04:39:45,0.2067587231272242,0.2109644219526436,0.256
2023-09-08 04:39:50,0.1686432224495001,0.1814479640526588,0.178
2023-09-08 04:39:55,0.1406408884886176,0.179023498933363,0.13
2023-09-08 04:40:00,0.1368663563849257,0.2187382849073408,0.168
2023-09-08 04:40:05,0.1573225364828804,0.2781139021172799,0.31
2023-09-08 04:40:10,0.3155217918245095,0.3117336210190238,0.384
2023-09-08 04:40:15,0.2939007113875604,0.2891016764717788,0.26
2023-09-08 04:40:20,0.2342117014691482,0.2184225560701305,0.24
2023-09-08 04:40:25,0.1710743211991715,0.1368590329886811,0.088
2023-09-08 04:40:30,0.1423154468240547,0.0819884380809325,0.09
2023-09-08 04:40:35,0.0799793762696936,0.0698332100842123,0.0559999999999999
2023-09-08 04:40:40,0.1019572383971088,0.0918443070397184,0.124
2023-09-08 04:40:45,0.1412887652814364,0.1262711649869235,0.092
2023-09-08 04:40:50,0.1720022555171847,0.1527934516892853,0.186
2023-09-08 04:40:55,0.1948419941273694,0.1632109542759365,0.186
2023-09-08 04:41:00,0.1653421252392197,0.1632579630963824,0.128
2023-09-08 04:41:05,0.1644647882612818,0.162691436003603,0.128
2023-09-08 04:41:10,0.167346564345887,0.1631076293136754,0.2019999999999999
2023-09-08 04:41:15,0.1731100913748413,0.1584529702299457,0.184
2023-09-08 04:41:20,0.1650964556010652,0.1456880323983581,0.094
2023-09-08 04:41:25,0.132247012563822,0.1303315051438002,0.174
2023-09-08 04:41:30,0.1231678477480733,0.1227600814524818,0.12
2023-09-08 04:41:35,0.1179517036090366,0.1305318113975258,0.088
2023-09-08 04:41:40,0.1255269713304636,0.1507400486403987,0.156
2023-09-08 04:41:45,0.12882383793712,0.1698494091662178,0.19
2023-09-08 04:41:50,0.1820972019232474,0.1756670193747062,0.218
2023-09-08 04:41:55,0.1694694573164344,0.1692776276094371,0.12
2023-09-08 04:42:00,0.1511566066024315,0.161411965775273,0.162
2023-09-08 04:42:05,0.1430343444729853,0.1581546566980799,0.142
2023-09-08 04:42:10,0.1408254709250309,0.1543502886805145,0.188
2023-09-08 04:42:15,0.1397378107656647,0.1408267089693846,0.134
2023-09-08 04:42:20,0.1343726527449197,0.1147253143941639,0.106
2023-09-08 04:42:25,0.1285603719192863,0.0828376202093238,0.106
2023-09-08 04:42:30,0.1355909295326993,0.0576448060492124,0.042
2023-09-08 04:42:35,0.1428216190882948,0.049182559145934,0.038
2023-09-08 04:42:40,0.0584214665804167,0.0567814547703274,0.038
2023-09-08 04:42:45,0.0742234659325088,0.0685259329524713,0.094
2023-09-08 04:42:50,0.0896428437965518,0.0725141704082406,0.102
2023-09-08 04:42:55,0.1080644678478271,0.0701383809803782,0.052
2023-09-08 04:43:00,0.1104308160712607,0.076160417956829,0.076
2023-09-08 04:43:05,0.1175810995020739,0.1036231925177233,0.078
2023-09-08 04:43:10,0.1326217471866764,0.147947990254443,0.12
2023-09-08 04:43:15,0.1543749533437103,0.1867590081107591,0.242
2023-09-08 04:43:20,0.1729603749569468,0.1979259071427152,0.22
2023-09-08 04:43:25,0.1599965281113181,0.1786555469825878,0.142
2023-09-08 04:43:30,0.1415420481632154,0.1462919339702005,0.166
2023-09-08 04:43:35,0.1344439064667618,0.1220795275332253,0.094
2023-09-08 04:43:40,0.1307156402392373,0.114707494967427,0.094
2023-09-08 04:43:45,0.1458289713657445,0.1170066185991426,0.154
2023-09-08 04:43:50,0.1520179836214407,0.1176683319772884,0.126
2023-09-08 04:43:55,0.1097641008141295,0.1162520169384401,0.146
2023-09-08 04:44:00,0.1128481696566285,0.1237768848528456,0.062
2023-09-08 04:44:05,0.1120607656311225,0.1462951151452851,0.118
2023-09-08 04:44:10,0.1223080725679001,0.1724311746100308,0.204
2023-09-08 04:44:15,0.1245470497378751,0.1847199413335511,0.26
2023-09-08 04:44:20,0.1829139559601933,0.1820587642204198,0.16
2023-09-08 04:44:25,0.17166271730465,0.1809029147742448,0.088
2023-09-08 04:44:30,0.162955459351262,0.1916811610456727,0.23
2023-09-08 04:44:35,0.1599985275454962,0.20354956185426,0.216
2023-09-08 04:44:40,0.1581289218167582,0.1975172238707072,0.226
2023-09-08 04:44:45,0.1702855444541264,0.1692860692429962,0.144
2023-09-08 04:44:50,0.142291934712941,0.1367668935109733,0.172
2023-09-08 04:44:55,0.1265076901516691,0.1286324998322539,0.09
2023-09-08 04:45:00,0.1332710984859646,0.1638888920605198,0.158
2023-09-08 04:45:05,0.1432069370848164,0.2355218849113545,0.1939999999999999
2023-09-08 04:45:10,0.3098541955565826,0.311660460789307,0.382
2023-09-08 04:45:15,0.3421089736140373,0.3564056997135308,0.356
2023-09-08 04:45:20,0.3432829149575849,0.3528552464073015,0.336
2023-09-08 04:45:25,0.3212660590910583,0.3091318110372602,0.322
2023-09-08 04:45:30,0.2583701968297847,0.2476633884461319,0.238
2023-09-08 04:45:35,0.1994785171489398,0.1902644251855677,0.17
2023-09-08 04:45:40,0.1591608602287269,0.1485916848035275,0.148
2023-09-08 04:45:45,0.1558167113800603,0.1245906578975931,0.172
2023-09-08 04:45:50,0.1651607543778538,0.117620717931662,0.09
2023-09-08 04:45:55,0.1931090697524578,0.1271819418997605,0.102
2023-09-08 04:46:00,0.1440948064338391,0.1480612039623457,0.18
2023-09-08 04:46:05,0.1848289794393372,0.1678818962705618,0.132
2023-09-08 04:46:10,0.2006176061023614,0.1733112543657387,0.23
2023-09-08 04:46:15,0.1974869416712001,0.1592666122420958,0.106
2023-09-08 04:46:20,0.1875327966757496,0.1331436423209307,0.2
2023-09-08 04:46:25,0.1137662252258793,0.1104397020548121,0.0579999999999999
2023-09-08 04:46:30,0.1045493327479331,0.1029537632462227,0.0819999999999999
2023-09-08 04:46:35,0.1177499504150019,0.1087160520804419,0.1159999999999999
2023-09-08 04:46:40,0.1311407308783008,0.1159817264288695,0.186
2023-09-08 04:46:45,0.1604724568126481,0.1178895471149757,0.06
2023-09-08 04:46:50,0.1226112194592949,0.1186770479372734,0.138
2023-09-08 04:46:55,0.1281393406624551,0.1248726079728891,0.09
2023-09-08 04:47:00,0.1379690595728595,0.1358244889792514,0.1639999999999999
2023-09-08 04:47:05,0.1547440271469028,0.1454371673099702,0.148
2023-09-08 04:47:10,0.1600126792275291,0.1504608765577486,0.16
2023-09-08 04:47:15,0.1539375628879549,0.1539160196661965,0.136
2023-09-08 04:47:20,0.1587675476230711,0.1598570962626104,0.154
2023-09-08 04:47:25,0.1651051436895773,0.1666777633795058,0.16
2023-09-08 04:47:30,0.1643228113668909,0.1677411855832867,0.2019999999999999
2023-09-08 04:47:35,0.1607093322347621,0.1586170749428108,0.14
2023-09-08 04:47:40,0.1425227456129836,0.1418631792738122,0.148
2023-09-08 04:47:45,0.1287407503242815,0.1244903014384276,0.1
2023-09-08 04:47:50,0.1284054576272399,0.113346296043072,0.148
2023-09-08 04:47:55,0.1331521889303835,0.113838122644598,0.11
2023-09-08 04:48:00,0.1472458746924633,0.1289683064000013,0.096
2023-09-08 04:48:05,0.1560175656280029,0.1554707423009989,0.172
2023-09-08 04:48:10,0.1895744363503632,0.1825884369721354,0.18
2023-09-08 04:48:15,0.2027258132418651,0.1990262388816632,0.204
2023-09-08 04:48:20,0.2022243765430676,0.2030606385366399,0.25
2023-09-08 04:48:25,0.1856385130512344,0.2042427405869978,0.158
2023-09-08 04:48:30,0.2065926427053024,0.2112356874061809,0.16
2023-09-08 04:48:35,0.2273829762679749,0.2182415066750344,0.256
2023-09-08 04:48:40,0.241338675393444,0.2105892798617304,0.252
2023-09-08 04:48:45,0.2319272775703308,0.1864838785023966,0.218
2023-09-08 04:48:50,0.2049186554709693,0.1653084311945195,0.086
2023-09-08 04:48:55,0.1738693316446222,0.1678231523982464,0.148
2023-09-08 04:49:00,0.2025339172450255,0.1919957703619825,0.2319999999999999
2023-09-08 04:49:05,0.2380185929252999,0.2139108366666282,0.19
2023-09-08 04:49:10,0.2379767448943935,0.211211435674523,0.294
2023-09-08 04:49:15,0.218903426779412,0.1827953264382582,0.122
2023-09-08 04:49:20,0.1505315210652744,0.1463056822134813,0.15
2023-09-08 04:49:25,0.1295873481273374,0.1192710855336978,0.084
2023-09-08 04:49:30,0.1305487751399296,0.1055828082080802,0.146
2023-09-08 04:49:35,0.1418368583938443,0.099624054976431,0.1119999999999999
2023-09-08 04:49:40,0.1587377971128064,0.0977771903835909,0.0819999999999999
2023-09-08 04:49:45,0.1003499689667369,0.1011954329969121,0.086
2023-09-08 04:49:50,0.11647865486858,0.1096190942046626,0.1159999999999999
2023-09-08 04:49:55,0.1345505283286393,0.1180737390058715,0.126
2023-09-08 04:50:00,0.1479391645162092,0.1213527343005081,0.122
2023-09-08 04:50:05,0.1641809055786445,0.1198149217713584,0.132
2023-09-08 04:50:10,0.1215070087901754,0.1191940123354167,0.106
2023-09-08 04:50:15,0.1260748447199319,0.123647279845992,0.11
2023-09-08 04:50:20,0.1399225239720192,0.1286125939688602,0.108
2023-09-08 04:50:25,0.1446690610041277,0.1234699192093666,0.166
2023-09-08 04:50:30,0.1463965857307519,0.1054258021897608,0.15
2023-09-08 04:50:35,0.0874363442693934,0.0887401736307655,0.036
2023-09-08 04:50:40,0.0851083140009457,0.0930420945327823,0.052
2023-09-08 04:50:45,0.1065322122233859,0.1211094946196633,0.148
2023-09-08 04:50:50,0.1346145840347481,0.1535854845424864,0.146
2023-09-08 04:50:55,0.1485069374281779,0.1679917170614475,0.2319999999999999
2023-09-08 04:51:00,0.1591148514896297,0.1603298871904162,0.146
2023-09-08 04:51:05,0.1392808707306013,0.1456710201956309,0.08
2023-09-08 04:51:10,0.129048589486234,0.1391279837503968,0.172
2023-09-08 04:51:15,0.1298254244150797,0.1406254176976421,0.136
2023-09-08 04:51:20,0.1316201585093598,0.1385278846883718,0.142
2023-09-08 04:51:25,0.1247657921886964,0.1238125729936133,0.14
2023-09-08 04:51:30,0.1010978106378373,0.1000634954925905,0.11
2023-09-08 04:51:35,0.0883606648596845,0.0821496487227537,0.0579999999999999
2023-09-08 04:51:40,0.0881425042093704,0.0846770558191535,0.07
2023-09-08 04:51:45,0.0988903286873003,0.110014928085615,0.118
2023-09-08 04:51:50,0.143203818009125,0.1470510114192649,0.1639999999999999
2023-09-08 04:51:55,0.1808874022288711,0.180350773664546,0.162
2023-09-08 04:52:00,0.1948007271407525,0.1999582772129129,0.228
2023-09-08 04:52:05,0.1903082466823536,0.2048848567700554,0.1939999999999999
2023-09-08 04:52:10,0.1659727909316964,0.1996940574351469,0.174
2023-09-08 04:52:15,0.1828324836811701,0.1882836430720172,0.212
2023-09-08 04:52:20,0.1731412890991258,0.1715005149571237,0.166
2023-09-08 04:52:25,0.1563294826378258,0.1502425804339914,0.156
2023-09-08 04:52:30,0.1417791588774506,0.128755804688344,0.118
2023-09-08 04:52:35,0.1356635891444711,0.1141672334693296,0.148
2023-09-08 04:52:40,0.1120009461493179,0.112302102580057,0.0559999999999999
2023-09-08 04:52:45,0.1206224945853133,0.1221343357201198,0.14
2023-09-08 04:52:50,0.1337520321773665,0.1350978287231583,0.152
2023-09-08 04:52:55,0.1443484619978166,0.1424699106922418,0.158
2023-09-08 04:53:00,0.1492528506548049,0.1424998354708229,0.1
2023-09-08 04:53:05,0.1417873734187016,0.1391773342478617,0.162
2023-09-08 04:53:10,0.1390119884795818,0.1374392084404617,0.152
2023-09-08 04:53:15,0.1373207260304851,0.1410002704181925,0.114
2023-09-08 04:53:20,0.1484671983852624,0.1503187281883131,0.16
2023-09-08 04:53:25,0.1483901416734784,0.1600332560329744,0.132
2023-09-08 04:53:30,0.1661766940565759,0.1618662929057706,0.214
2023-09-08 04:53:35,0.1594892290645341,0.1536714530543343,0.14
2023-09-08 04:53:40,0.1481459091886482,0.1447161120679795,0.144
2023-09-08 04:53:45,0.1361203308820594,0.1487864934893118,0.146
2023-09-08 04:53:50,0.1391380358203123,0.1700445479773296,0.11
2023-09-08 04:53:55,0.1947858948727877,0.196311038911315,0.264
2023-09-08 04:54:00,0.2069135041021256,0.2089073179381335,0.2
2023-09-08 04:54:05,0.2057551860655044,0.2003687098972887,0.214
2023-09-08 04:54:10,0.1872075911960899,0.1813213960199785,0.19
2023-09-08 04:54:15,0.1709545158494304,0.1692088622488506,0.096
2023-09-08 04:54:20,0.1792264195220261,0.171708979871959,0.188
2023-09-08 04:54:25,0.1854182445608266,0.1843534232930261,0.278
2023-09-08 04:54:30,0.1871496052280875,0.2023144670938538,0.144
2023-09-08 04:54:35,0.1876316936755986,0.2239014900441366,0.176
2023-09-08 04:54:40,0.1822019371262802,0.2399037626268333,0.228
2023-09-08 04:54:45,0.2406560658533761,0.2342874519847878,0.35
2023-09-08 04:54:50,0.1945225338238665,0.2056105233430921,0.1939999999999999
2023-09-08 04:54:55,0.1637495349876502,0.1779686929715521,0.104
2023-09-08 04:55:00,0.1318677429927849,0.1791771653830304,0.1939999999999999
2023-09-08 04:55:05,0.126248188207155,0.2104747723230088,0.154
2023-09-08 04:55:10,0.2467133504226566,0.2445587319908548,0.306
2023-09-08 04:55:15,0.2555681531402134,0.2550509206466533,0.362
2023-09-08 04:55:20,0.2385540796142044,0.2435006030339757,0.132
2023-09-08 04:55:25,0.2021229371394834,0.2310264243386352,0.18
2023-09-08 04:55:30,0.1879126067787668,0.2278153443034767,0.272
2023-09-08 04:55:35,0.2300427523324312,0.2235314701492336,0.28
2023-09-08 04:55:40,0.2049600681240292,0.2066276118221381,0.148
2023-09-08 04:55:45,0.1870909600061759,0.180708561059904,0.236
2023-09-08 04:55:50,0.1649294367662941,0.1598309269394173,0.096
2023-09-08 04:55:55,0.1618259026791665,0.1540610822675564,0.172
2023-09-08 04:56:00,0.1710224092797441,0.1612066893796303,0.178
2023-09-08 04:56:05,0.1816135008784474,0.1694288091262181,0.148
2023-09-08 04:56:10,0.1903082938936725,0.1658753787308294,0.15
2023-09-08 04:56:15,0.1846688651400791,0.1466417489619445,0.238
2023-09-08 04:56:20,0.1752849978288279,0.1230855062863826,0.078
2023-09-08 04:56:25,0.1149897282244333,0.1138473395640015,0.052
2023-09-08 04:56:30,0.1352409368842728,0.1249758681142672,0.126
2023-09-08 04:56:35,0.1564714320362775,0.1434991623615427,0.226
2023-09-08 04:56:40,0.1819868660555315,0.1552298693305887,0.148
2023-09-08 04:56:45,0.1809819275182476,0.1610037341341733,0.11
2023-09-08 04:56:50,0.1743370242674995,0.1696430871178419,0.178
2023-09-08 04:56:55,0.189786628404498,0.1820801921213381,0.18
2023-09-08 04:57:00,0.1943055026715706,0.1894231655375615,0.204
2023-09-08 04:57:05,0.185092548713381,0.1842393266660696,0.208
2023-09-08 04:57:10,0.1678247925986806,0.1688894787720211,0.144
2023-09-08 04:57:15,0.1579167582357772,0.1517485013348417,0.124
2023-09-08 04:57:20,0.1529648043055756,0.1384155305720914,0.17
2023-09-08 04:57:25,0.1407073012839743,0.1300116185942332,0.156
2023-09-08 04:57:30,0.1398449957450623,0.1268417980519638,0.074
2023-09-08 04:57:35,0.1448461612670893,0.1274975506480722,0.13
2023-09-08 04:57:40,0.1285176969602185,0.1262960913542924,0.162
2023-09-08 04:57:45,0.129464410720558,0.1181071576146069,0.104
2023-09-08 04:57:50,0.1180487440427299,0.105715837363109,0.118
2023-09-08 04:57:55,0.1201262790516107,0.0987970357987813,0.08
2023-09-08 04:58:00,0.1359536278082219,0.1049923391328253,0.104
2023-09-08 04:58:05,0.124878352539535,0.122352304921906,0.11
2023-09-08 04:58:10,0.1426468635245643,0.1402786953368718,0.162
2023-09-08 04:58:15,0.1464828441397684,0.1485190212491895,0.154
2023-09-08 04:58:20,0.1460657121907054,0.1458739140683379,0.16
2023-09-08 04:58:25,0.1384217563511201,0.139352344980138,0.094
2023-09-08 04:58:30,0.1372091311583808,0.134787484905231,0.144
2023-09-08 04:58:35,0.1350270293078951,0.1311930200947869,0.138
2023-09-08 04:58:40,0.1329679879604715,0.1264937486875055,0.176
2023-09-08 04:58:45,0.1336561624415875,0.1246731803750905,0.08
2023-09-08 04:58:50,0.1308854337961672,0.1306572534137539,0.084
2023-09-08 04:58:55,0.1420132641470406,0.1400050731580947,0.176
2023-09-08 04:59:00,0.141203765841382,0.1427750997387439,0.214
2023-09-08 04:59:05,0.1346681163073601,0.1382227361303099,0.078
2023-09-08 04:59:10,0.1252916624677815,0.1361815110979439,0.11
2023-09-08 04:59:15,0.1226488769943981,0.1421217464441521,0.154
2023-09-08 04:59:20,0.1467534994998252,0.1493758489656784,0.178
2023-09-08 04:59:25,0.1524975198321452,0.1485986136911548,0.138
2023-09-08 04:59:30,0.1385531364645651,0.1388947832552537,0.158
2023-09-08 04:59:35,0.1322158846197594,0.1266805210359318,0.0819999999999999
2023-09-08 04:59:40,0.130894626570889,0.1169808802446982,0.11
2023-09-08 04:59:45,0.1133309562626422,0.1108616455489023,0.1939999999999999
2023-09-08 04:59:50,0.1049731117335627,0.111172292233632,0.0579999999999999
2023-09-08 04:59:55,0.1051077543067701,0.12295268929698,0.094
2023-09-08 05:00:00,0.113686008673738,0.1440185513830643,0.162
2023-09-08 05:00:05,0.122850695042075,0.161647557829063,0.17
2023-09-08 05:00:10,0.1616470649368275,0.1636939837395062,0.206
2023-09-08 05:00:15,0.1496989126806065,0.1495652789707023,0.086
2023-09-08 05:00:20,0.1346670334100574,0.1280856310372007,0.14
2023-09-08 05:00:25,0.1324830042306936,0.1094262054836464,0.156
2023-09-08 05:00:30,0.1348957854339268,0.1015067695436841,0.05
2023-09-08 05:00:35,0.112129346645781,0.1077553501074159,0.122
2023-09-08 05:00:40,0.1264411555058908,0.1232466797797843,0.098
2023-09-08 05:00:45,0.1431440094950196,0.1365828427336185,0.19
2023-09-08 05:00:50,0.1548929524795065,0.139505267281487,0.114
2023-09-08 05:00:55,0.1527462002665154,0.1335544472451237,0.146
2023-09-08 05:01:00,0.1307364224508949,0.1260841517743205,0.096
2023-09-08 05:01:05,0.13137608439402,0.1215111774656215,0.134
2023-09-08 05:01:10,0.1347365298771964,0.1181667002509934,0.13
2023-09-08 05:01:15,0.1384740521077508,0.112569720186939,0.1
2023-09-08 05:01:20,0.1379831018260555,0.1049478982544969,0.11
2023-09-08 05:01:25,0.1040189004449233,0.1011543061470978,0.134
2023-09-08 05:01:30,0.1063117633931333,0.10926877260271,0.0579999999999999
2023-09-08 05:01:35,0.1195688258162487,0.1311213685647948,0.134
2023-09-08 05:01:40,0.1341003569147384,0.1562138962008677,0.152
2023-09-08 05:01:45,0.136839620452961,0.1682663735473709,0.208
2023-09-08 05:01:50,0.160759719871428,0.1606753476255911,0.172
2023-09-08 05:01:55,0.1465085027027221,0.1434518312902263,0.104
2023-09-08 05:02:00,0.130191250434514,0.1326007249878826,0.138
2023-09-08 05:02:05,0.1276086776260492,0.1339581305844305,0.094
2023-09-08 05:02:10,0.1286041771113484,0.1401100326067276,0.21
2023-09-08 05:02:15,0.1424542309824706,0.1427966236208146,0.138
2023-09-08 05:02:20,0.1431026126417072,0.1438206453091258,0.122
2023-09-08 05:02:25,0.1390965011911349,0.1502688346793418,0.13
2023-09-08 05:02:30,0.140402985119838,0.1620846711537553,0.17
2023-09-08 05:02:35,0.1370009823797557,0.1698378833667801,0.186
2023-09-08 05:02:40,0.1639371102766122,0.1653368488489368,0.176
2023-09-08 05:02:45,0.1476588924640964,0.1515958723217986,0.15
2023-09-08 05:02:50,0.1383394402036594,0.1409889867999139,0.12
2023-09-08 05:02:55,0.1318551889734198,0.1440450825905685,0.15
2023-09-08 05:03:00,0.1313915011894005,0.1598451202465064,0.148
2023-09-08 05:03:05,0.1792415074020566,0.1760080048370369,0.174
2023-09-08 05:03:10,0.1839599527241716,0.1783590008750075,0.212
2023-09-08 05:03:15,0.1824089022885886,0.1632662957121228,0.17
2023-09-08 05:03:20,0.1706543139082476,0.1410645884007117,0.122
2023-09-08 05:03:25,0.1590304461165199,0.1252061590272696,0.078
2023-09-08 05:03:30,0.1212986213271719,0.1186643662111229,0.172
2023-09-08 05:03:35,0.1203198310048122,0.1133644748644326,0.11
2023-09-08 05:03:40,0.1190153339839132,0.1008518468972938,0.07
2023-09-08 05:03:45,0.1170410059744776,0.0811309916784316,0.132
2023-09-08 05:03:50,0.1201754715287299,0.0643111936195746,0.052
2023-09-08 05:03:55,0.0634407091083875,0.0650347494480935,0.032
2023-09-08 05:04:00,0.0822355713771077,0.0908873028443668,0.104
2023-09-08 05:04:05,0.1148279184670468,0.1335142820959325,0.124
2023-09-08 05:04:10,0.135359410548669,0.1716366982261006,0.172
2023-09-08 05:04:15,0.1402295170388266,0.1844256575193159,0.206
2023-09-08 05:04:20,0.1654350638471063,0.1662991242164484,0.184
2023-09-08 05:04:25,0.1441669912566671,0.1324550395747702,0.128
2023-09-08 05:04:30,0.1256039284505334,0.108183818287858,0.064
2023-09-08 05:04:35,0.1239450159405377,0.1088066522670083,0.11
2023-09-08 05:04:40,0.1306250545002197,0.1289539518481078,0.14
2023-09-08 05:04:45,0.1496163068215506,0.1512738819041025,0.186
2023-09-08 05:04:50,0.1660018778741843,0.1635164388794638,0.134
2023-09-08 05:04:55,0.1685474595825372,0.1663781893845531,0.188
2023-09-08 05:05:00,0.160070610638346,0.1680368339868765,0.14
2023-09-08 05:05:05,0.1518261267245041,0.1741588363293308,0.184
2023-09-08 05:05:10,0.1847088354432654,0.1825721680849193,0.166
2023-09-08 05:05:15,0.191153310144883,0.1857332586806266,0.2339999999999999
2023-09-08 05:05:20,0.1805025292356736,0.1774437273737913,0.106
2023-09-08 05:05:25,0.1719774786550038,0.1581093665753415,0.246
2023-09-08 05:05:30,0.167342361604731,0.1360968302868655,0.074
2023-09-08 05:05:35,0.1271487992610505,0.1238601602487272,0.162
2023-09-08 05:05:40,0.1263387463601208,0.1287723803623461,0.064
2023-09-08 05:05:45,0.1355973409417909,0.145900882471193,0.196
2023-09-08 05:05:50,0.151479688901501,0.1617565358961951,0.148
2023-09-08 05:05:55,0.1623575652926962,0.1665353761838779,0.198
2023-09-08 05:06:00,0.1662267124217698,0.1621807086365408,0.134
2023-09-08 05:06:05,0.1542844591251039,0.1587398079587424,0.154
2023-09-08 05:06:10,0.1474154243686066,0.1645060542275868,0.182
2023-09-08 05:06:15,0.1485983173724167,0.1794083464034767,0.152
2023-09-08 05:06:20,0.1532464726027082,0.1951266836418622,0.196
2023-09-08 05:06:25,0.1990788441636943,0.2011109871008544,0.252
2023-09-08 05:06:30,0.1949787888428458,0.1926026769151073,0.144
2023-09-08 05:06:35,0.1771020402323805,0.1735565420114616,0.18
2023-09-08 05:06:40,0.1615236077262164,0.1530333333549548,0.196
2023-09-08 05:06:45,0.1616737239881601,0.1397761461806214,0.0819999999999999
2023-09-08 05:06:50,0.1434450261757542,0.1368693410591352,0.13
2023-09-08 05:06:55,0.1432211071654492,0.1397758528547484,0.21
2023-09-08 05:07:00,0.1567321314733111,0.1418989372530024,0.072
2023-09-08 05:07:05,0.1631139489873277,0.1416191076656097,0.1939999999999999
2023-09-08 05:07:10,0.1674941369928745,0.1423974883322859,0.13
2023-09-08 05:07:15,0.1489726313590109,0.1471204431203425,0.088
2023-09-08 05:07:20,0.1559127700168566,0.1536797504559307,0.236
2023-09-08 05:07:25,0.170762410845162,0.1575039909669494,0.11
2023-09-08 05:07:30,0.1778184885147702,0.1577322787338743,0.2
2023-09-08 05:07:35,0.1715776391377738,0.1572768803691807,0.1
2023-09-08 05:07:40,0.1624449528038863,0.1566662790488574,0.174
2023-09-08 05:07:45,0.1539241711572494,0.1523581223872847,0.178
2023-09-08 05:07:50,0.1503889527691692,0.1435528398325201,0.136
2023-09-08 05:07:55,0.1585881378611662,0.1377033624288486,0.152
2023-09-08 05:08:00,0.1494448995519235,0.1451822031891243,0.094
2023-09-08 05:08:05,0.1704796470547621,0.1678813780938334,0.2
2023-09-08 05:08:10,0.196942791628502,0.1943707506042098,0.188
2023-09-08 05:08:15,0.21533263111342,0.206195951367142,0.188
2023-09-08 05:08:20,0.2146767303445849,0.1903667360548838,0.218
2023-09-08 05:08:25,0.1971170831064507,0.15194236157522,0.1939999999999999
2023-09-08 05:08:30,0.1224250103062907,0.117126702989743,0.1119999999999999
2023-09-08 05:08:35,0.1067168548684271,0.1151454903719791,0.01
2023-09-08 05:08:40,0.1271060100687365,0.1481936662816122,0.148
2023-09-08 05:08:45,0.1545482437967112,0.184259526336344,0.258
2023-09-08 05:08:50,0.177434468807251,0.188907365013239,0.238
2023-09-08 05:08:55,0.1614147142416721,0.1626290533848244,0.13
2023-09-08 05:09:00,0.1302221136117496,0.1406542992454807,0.124
2023-09-08 05:09:05,0.1204998899039991,0.1560938608378314,0.092
2023-09-08 05:09:10,0.1364048853906883,0.2060184067778812,0.208
2023-09-08 05:09:15,0.1522515290003533,0.2541973650428014,0.33
2023-09-08 05:09:20,0.2744940812357275,0.2660799374114855,0.292
2023-09-08 05:09:25,0.2433819078710919,0.2388801076197991,0.178
2023-09-08 05:09:30,0.1935898722051016,0.1984330221218833,0.2339999999999999
2023-09-08 05:09:35,0.1557383172384731,0.1725615706489301,0.12
2023-09-08 05:09:40,0.1520392015587399,0.1685400287374994,0.174
2023-09-08 05:09:45,0.183031367488117,0.1709068160593714,0.16
2023-09-08 05:09:50,0.1841041177616835,0.1599427937959346,0.252
2023-09-08 05:09:55,0.1763592360350995,0.1350358602439696,0.096
2023-09-08 05:10:00,0.1696301771517482,0.1184403241310728,0.098
2023-09-08 05:10:05,0.1684805757071139,0.1334700420919725,0.11
2023-09-08 05:10:10,0.1882193978986729,0.1804190951551832,0.17
2023-09-08 05:10:15,0.2409165417759517,0.2351935246275971,0.28
2023-09-08 05:10:20,0.2571648997209588,0.2699613638734226,0.278
2023-09-08 05:10:25,0.2440147296286576,0.2744722310249978,0.252
2023-09-08 05:10:30,0.2094048738528738,0.2604860046258284,0.308
2023-09-08 05:10:35,0.2575431452021828,0.2486935875753534,0.188
2023-09-08 05:10:40,0.2461187991660021,0.2489243237190814,0.214
2023-09-08 05:10:45,0.2446644142699967,0.2504623393251301,0.298
2023-09-08 05:10:50,0.2310547669568871,0.2350456306273721,0.28
2023-09-08 05:10:55,0.205281976113213,0.2002376565684295,0.188
2023-09-08 05:11:00,0.1701774739914945,0.1641654186193003,0.128
2023-09-08 05:11:05,0.154933684859083,0.1453563824115422,0.106
2023-09-08 05:11:10,0.1706160740643657,0.1440894855558205,0.188
2023-09-08 05:11:15,0.1886219427565016,0.1478279644655714,0.192
2023-09-08 05:11:20,0.1979704133994287,0.1496845878669636,0.1119999999999999
2023-09-08 05:11:25,0.155960422014079,0.1538778275977785,0.13
2023-09-08 05:11:30,0.1653189505985957,0.164889927605356,0.1939999999999999
2023-09-08 05:11:35,0.1861498193491368,0.1788149081606172,0.15
2023-09-08 05:11:40,0.1966367725056835,0.1868243751383203,0.218
2023-09-08 05:11:45,0.1852688472397466,0.1841326818434265,0.188
2023-09-08 05:11:50,0.1719289506320852,0.1747808221733331,0.156
2023-09-08 05:11:55,0.163568106935783,0.1682161799909766,0.178
2023-09-08 05:12:00,0.1622373055912732,0.1714343007774665,0.154
2023-09-08 05:12:05,0.1675865876546695,0.1839124898681784,0.2
2023-09-08 05:12:10,0.1702302865230287,0.1984823772007085,0.18
2023-09-08 05:12:15,0.2032927254538836,0.2068735663959035,0.218
2023-09-08 05:12:20,0.2019432325148802,0.2068351242937393,0.26
2023-09-08 05:12:25,0.1924611843099761,0.2039346710161399,0.134
2023-09-08 05:12:30,0.1868055551430799,0.202430249321429,0.196
2023-09-08 05:12:35,0.1747353516920854,0.1949599181047298,0.19
2023-09-08 05:12:40,0.1669051405010056,0.1688507632309994,0.246
2023-09-08 05:12:45,0.1361349975545098,0.1253580492689271,0.1159999999999999
2023-09-08 05:12:50,0.1065901540080719,0.0856718723150075,0.026
2023-09-08 05:12:55,0.1140894547565749,0.073452220672997,0.062
2023-09-08 05:13:00,0.1211044515181251,0.0966618738597895,0.152
2023-09-08 05:13:05,0.1491751490809791,0.1483364509969022,0.178
2023-09-08 05:13:10,0.1952142908390016,0.2136691320411402,0.08
2023-09-08 05:13:15,0.2297044763622062,0.2691053841114939,0.348
2023-09-08 05:13:20,0.2342200130437668,0.2872903485692969,0.312
2023-09-08 05:13:25,0.2072016526581864,0.2574092737835448,0.276
2023-09-08 05:13:30,0.1724221248783764,0.1984633963866928,0.166
2023-09-08 05:13:35,0.1354348369846488,0.1457226954079164,0.128
2023-09-08 05:13:40,0.1206234665473368,0.1245252701233979,0.094
2023-09-08 05:13:45,0.1034394938770938,0.1381107529337679,0.222
2023-09-08 05:13:50,0.1321016384572295,0.1751892550430752,0.12
2023-09-08 05:13:55,0.2223723729869255,0.2211114247581921,0.216
2023-09-08 05:14:00,0.2759158217438865,0.2615559197817836,0.31
2023-09-08 05:14:05,0.2822864042874229,0.2833365168531281,0.22
2023-09-08 05:14:10,0.3074407858193227,0.2772483398556576,0.314
2023-09-08 05:14:15,0.2692125340593623,0.2425461931824272,0.268
2023-09-08 05:14:20,0.1791551041146108,0.1905527886989814,0.144
2023-09-08 05:14:25,0.1538287155305123,0.142169796614008,0.19
2023-09-08 05:14:30,0.1340814128742452,0.1176077549103859,0.0819999999999999
2023-09-08 05:14:35,0.1267531947596257,0.1236853258481007,0.1
2023-09-08 05:14:40,0.1500654013339666,0.1475325773526962,0.144
2023-09-08 05:14:45,0.1797986632525763,0.1656629692466699,0.2339999999999999
2023-09-08 05:14:50,0.1704115219198378,0.164441422250386,0.162
2023-09-08 05:14:55,0.166254849575383,0.1507262774878087,0.088
2023-09-08 05:15:00,0.1561546084289155,0.1416005351929551,0.176
2023-09-08 05:15:05,0.1495905988509913,0.148744526042501,0.146
2023-09-08 05:15:10,0.1778058931704256,0.1730274522271807,0.188
2023-09-08 05:15:15,0.2044137418073767,0.2050509160436088,0.14
2023-09-08 05:15:20,0.2041398379717894,0.2269162837415528,0.266
2023-09-08 05:15:25,0.2208221181831963,0.2219214853674206,0.2739999999999999
2023-09-08 05:15:30,0.2061292577262066,0.1899934921941174,0.142
2023-09-08 05:15:35,0.1496972005389693,0.1516199197784156,0.182
2023-09-08 05:15:40,0.1242451564710387,0.1331255681308456,0.094
2023-09-08 05:15:45,0.1234988781072629,0.1469591196325846,0.1159999999999999
2023-09-08 05:15:50,0.1334343765342797,0.184737461550569,0.256
2023-09-08 05:15:55,0.1605094552896665,0.2277726505951366,0.1939999999999999
2023-09-08 05:16:00,0.2633926064269313,0.2625693444196896,0.288
2023-09-08 05:16:05,0.2808462681018244,0.2853589232803886,0.28
2023-09-08 05:16:10,0.2674126934485354,0.2945030341919747,0.216
2023-09-08 05:16:15,0.2462374308056377,0.2841366521057238,0.392
2023-09-08 05:16:20,0.2050821792263983,0.2495440004019112,0.212
2023-09-08 05:16:25,0.1942076897654752,0.1970622149186575,0.172
2023-09-08 05:16:30,0.1456483222250378,0.1451419592691737,0.206
2023-09-08 05:16:35,0.1213106869028677,0.1158546692064606,0.0819999999999999
2023-09-08 05:16:40,0.1262269488876901,0.1219818095416929,0.068
2023-09-08 05:16:45,0.1469052533166384,0.155977559253387,0.196
2023-09-08 05:16:50,0.194420698823256,0.1933158912475124,0.1939999999999999
2023-09-08 05:16:55,0.2058051337181197,0.2120419431435728,0.268
2023-09-08 05:17:00,0.1872548968456358,0.2087990527434033,0.142
2023-09-08 05:17:05,0.1695535411424047,0.1956072734099918,0.198
2023-09-08 05:17:10,0.159361451824075,0.1859868512172001,0.244
2023-09-08 05:17:15,0.1862549035563221,0.1849880795645637,0.1119999999999999
2023-09-08 05:17:20,0.187785243262601,0.1856558719911344,0.138
2023-09-08 05:17:25,0.1909806505355099,0.1755142477242227,0.342
2023-09-08 05:17:30,0.1835317624834862,0.1543212785002519,0.104
2023-09-08 05:17:35,0.1800560988901917,0.1402388345316408,0.062
2023-09-08 05:17:40,0.1518628212116033,0.1480461026260848,0.15
2023-09-08 05:17:45,0.1823083548736982,0.1675596397841978,0.19
2023-09-08 05:17:50,0.2040046509150042,0.1739767276644665,0.222
2023-09-08 05:17:55,0.202647951029646,0.1562585593079657,0.148
2023-09-08 05:18:00,0.1836934465802141,0.1284324650256742,0.118
2023-09-08 05:18:05,0.1206882828387362,0.1133785021799399,0.066
2023-09-08 05:18:10,0.1280167638285321,0.1195638720695404,0.124
2023-09-08 05:18:15,0.1497432037686534,0.1359978915309922,0.182
2023-09-08 05:18:20,0.1605061817189194,0.1480884728580988,0.154
2023-09-08 05:18:25,0.1682931420988054,0.1531808054982976,0.132
2023-09-08 05:18:30,0.1615043938558858,0.1585685821305942,0.14
2023-09-08 05:18:35,0.1734401091615743,0.1690328119284083,0.19
2023-09-08 05:18:40,0.1874330354107071,0.1805584033703274,0.1639999999999999
2023-09-08 05:18:45,0.1822878379458062,0.1846831160481655,0.192
2023-09-08 05:18:50,0.1726238473287639,0.1772095357739539,0.204
2023-09-08 05:18:55,0.1648768727287185,0.163728056971191,0.158
2023-09-08 05:19:00,0.1512814442879643,0.155613610666669,0.128
2023-09-08 05:19:05,0.1474590112826419,0.1580857315754297,0.13
2023-09-08 05:19:10,0.148083361103386,0.1639565975806886,0.226
2023-09-08 05:19:15,0.1539363391254388,0.1621005705680528,0.148
2023-09-08 05:19:20,0.1496898012305927,0.1498805864425554,0.144
2023-09-08 05:19:25,0.1394083673914913,0.1345645857897654,0.132
2023-09-08 05:19:30,0.1330806690713968,0.1255385333279921,0.11
2023-09-08 05:19:35,0.1332902603253899,0.128539840900081,0.172
2023-09-08 05:19:40,0.1434466885725026,0.1446112157674831,0.108
2023-09-08 05:19:45,0.1717957351760917,0.1685844479262937,0.152
2023-09-08 05:19:50,0.1990238919295715,0.187944118891975,0.208
2023-09-08 05:19:55,0.2094010410622383,0.1895906680178843,0.208
2023-09-08 05:20:00,0.2017196523873664,0.1722515589871265,0.192
2023-09-08 05:20:05,0.1835606110454784,0.1495837470767559,0.1159999999999999
2023-09-08 05:20:10,0.1377252565920196,0.1370835422644746,0.096
2023-09-08 05:20:15,0.1362030324852717,0.1370203385682221,0.184
2023-09-08 05:20:20,0.1514944559583089,0.1391747662699586,0.146
2023-09-08 05:20:25,0.1589152812049203,0.13442229564359,0.1119999999999999
2023-09-08 05:20:30,0.1661796315464887,0.1240266555373946,0.17
2023-09-08 05:20:35,0.119518913249778,0.1165071441896031,0.066
2023-09-08 05:20:40,0.1204963954685902,0.1172158994109451,0.1
2023-09-08 05:20:45,0.1307157246301374,0.1219964081024356,0.1639999999999999
2023-09-08 05:20:50,0.1397378843641201,0.1232574270869853,0.128
2023-09-08 05:20:55,0.1504623479665953,0.1213855755645486,0.118
2023-09-08 05:21:00,0.1320676684387234,0.1261238794416184,0.114
2023-09-08 05:21:05,0.1370397588859795,0.1461505399871511,0.126
2023-09-08 05:21:10,0.1591150391616887,0.1794863160129941,0.214
2023-09-08 05:21:15,0.166442534333897,0.2134376758816015,0.186
2023-09-08 05:21:20,0.1673410375772346,0.2313508236875574,0.2319999999999999
2023-09-08 05:21:25,0.2169066212826986,0.2212721145415777,0.248
2023-09-08 05:21:30,0.182370018751005,0.1843410007737849,0.188
2023-09-08 05:21:35,0.1594818548738232,0.1373334416401778,0.138
2023-09-08 05:21:40,0.1358415322200503,0.1038530711726042,0.042
2023-09-08 05:21:45,0.1335189324739086,0.1004145576669861,0.196
2023-09-08 05:21:50,0.1324461491180522,0.1284201777589377,0.04
2023-09-08 05:21:55,0.160928988619795,0.1734967998057096,0.182
2023-09-08 05:22:00,0.187203450195807,0.2116620415293041,0.248
2023-09-08 05:22:05,0.1916477168159356,0.2250008836964692,0.24
2023-09-08 05:22:10,0.185551175233624,0.2170827185760489,0.236
2023-09-08 05:22:15,0.2087775807567009,0.2094282733175685,0.138
2023-09-08 05:22:20,0.2142818916178079,0.2192711280415172,0.2339999999999999
2023-09-08 05:22:25,0.2154630975396504,0.2421032085470099,0.222
2023-09-08 05:22:30,0.2188582607813944,0.25751119547556,0.332
2023-09-08 05:22:35,0.2026339728959962,0.2501726140422879,0.204
2023-09-08 05:22:40,0.2258170174763312,0.22345165375882,0.242
2023-09-08 05:22:45,0.1936950501554564,0.1951976490705119,0.216
2023-09-08 05:22:50,0.167742130658453,0.1820884557812508,0.106
2023-09-08 05:22:55,0.1672841747663255,0.1845774631552722,0.2019999999999999
2023-09-08 05:23:00,0.1702651288854685,0.1858344291525208,0.2239999999999999
2023-09-08 05:23:05,0.1676321654707471,0.1688269635688193,0.166
2023-09-08 05:23:10,0.1297875016542121,0.1353721310403318,0.158
2023-09-08 05:23:15,0.1079647184221684,0.1076116776440649,0.062
2023-09-08 05:23:20,0.1032245157785382,0.1116395831361963,0.148
2023-09-08 05:23:25,0.1285202936243547,0.1571712361091758,0.11
2023-09-08 05:23:30,0.2358365378575771,0.2263101847271787,0.186
2023-09-08 05:23:35,0.2753810191742048,0.281046052494157,0.376
2023-09-08 05:23:40,0.2923448745544248,0.2899654351057352,0.278
2023-09-08 05:23:45,0.2731151675995166,0.2542152101917613,0.27
2023-09-08 05:23:50,0.245549311847641,0.2066789225628818,0.214
2023-09-08 05:23:55,0.180014722209448,0.1823223416931021,0.05
2023-09-08 05:24:00,0.1885317868269733,0.18720549769793,0.254
2023-09-08 05:24:05,0.1984754213858984,0.1985313310853808,0.252
2023-09-08 05:24:10,0.2065722229461151,0.1952382144180912,0.22
2023-09-08 05:24:15,0.197217101557149,0.1803372714399269,0.118
2023-09-08 05:24:20,0.1742051481447843,0.1690440523519858,0.126
2023-09-08 05:24:25,0.1810611556274923,0.1651146564190624,0.22
2023-09-08 05:24:30,0.1957252480687605,0.1589074001911571,0.176
2023-09-08 05:24:35,0.1943139481516034,0.1445089073291719,0.122
2023-09-08 05:24:40,0.1898218503456815,0.1300107422395223,0.154
2023-09-08 05:24:45,0.126254265017979,0.1306085335215722,0.102
2023-09-08 05:24:50,0.1425449921264417,0.1541786232705911,0.146
2023-09-08 05:24:55,0.1585582754586919,0.1922336172898913,0.176
2023-09-08 05:25:00,0.166277519549818,0.2249383267416725,0.266
2023-09-08 05:25:05,0.168747525269544,0.2384622964772511,0.26
2023-09-08 05:25:10,0.2328125061753685,0.2383632037775187,0.2319999999999999
2023-09-08 05:25:15,0.2219895727774044,0.2427005058824156,0.192
2023-09-08 05:25:20,0.2103878253380034,0.2603208202127723,0.256
2023-09-08 05:25:25,0.1946475845618697,0.2789561028114107,0.284
2023-09-08 05:25:30,0.1940976501357695,0.2782213712590401,0.35
2023-09-08 05:25:35,0.2482253830768874,0.2535667979061837,0.214
2023-09-08 05:25:40,0.208790383553964,0.223747807015555,0.256
2023-09-08 05:25:45,0.1754633144493912,0.2126779012245036,0.106
2023-09-08 05:25:50,0.1677650717178162,0.2252706717801201,0.288
2023-09-08 05:25:55,0.1689814795484526,0.2432634482947073,0.256
2023-09-08 05:26:00,0.2425952642921491,0.2435567776522478,0.226
2023-09-08 05:26:05,0.2175371615176715,0.2180438846204527,0.27
2023-09-08 05:26:10,0.1876104485942003,0.1771780939404495,0.13
2023-09-08 05:26:15,0.1679951920213295,0.1375750903863203,0.11
2023-09-08 05:26:20,0.1622673964030121,0.1077930219644821,0.132
2023-09-08 05:26:25,0.0885814552080089,0.0877207274573661,0.12
2023-09-08 05:26:30,0.0783742387176852,0.0796678890111597,0.064
2023-09-08 05:26:35,0.0854472767289635,0.0929785589713107,0.098
2023-09-08 05:26:40,0.0987215076791136,0.1332989065435366,0.098
2023-09-08 05:26:45,0.1166617615211441,0.1884329694970487,0.16
2023-09-08 05:26:50,0.2256413609550846,0.2301250426106484,0.27
2023-09-08 05:26:55,0.2373015478918069,0.2372334207855739,0.342
2023-09-08 05:27:00,0.2152442749884179,0.2182756507553317,0.098
2023-09-08 05:27:05,0.1882915104997146,0.2046719498076178,0.252
2023-09-08 05:27:10,0.1653073872731419,0.2195897983667983,0.136
2023-09-08 05:27:15,0.2611116600346401,0.2566571522074485,0.314
2023-09-08 05:27:20,0.2906961905690639,0.2886435621891351,0.302
2023-09-08 05:27:25,0.2921001829435291,0.2931364251865547,0.316
2023-09-08 05:27:30,0.2490244056391352,0.2686776802722193,0.22
2023-09-08 05:27:35,0.2143109107597791,0.2297483016518607,0.272
2023-09-08 05:27:40,0.1902319884729512,0.191711745031557,0.114
2023-09-08 05:27:45,0.167762535127769,0.162326106026388,0.25
2023-09-08 05:27:50,0.1621655825448513,0.1446545251519586,0.106
2023-09-08 05:27:55,0.1606056237574522,0.142430120692593,0.16
2023-09-08 05:28:00,0.1648333977713337,0.1579027269010487,0.1119999999999999
2023-09-08 05:28:05,0.1846219932473114,0.1858686756479618,0.218
2023-09-08 05:28:10,0.2067341684177082,0.2153529888320939,0.214
2023-09-08 05:28:15,0.2115384059327793,0.2392465390545293,0.276
2023-09-08 05:28:20,0.2047963209284491,0.2586872089784943,0.228
2023-09-08 05:28:25,0.1838669113438289,0.2738476932376568,0.2019999999999999
2023-09-08 05:28:30,0.2765767427087505,0.2741684948542157,0.324
2023-09-08 05:28:35,0.2652255172396999,0.2484002134654407,0.348
2023-09-08 05:28:40,0.2351734316377936,0.2058790274145526,0.132
2023-09-08 05:28:45,0.2023025562151447,0.1757012335949704,0.154
2023-09-08 05:28:50,0.1885090467667702,0.1781488883537556,0.144
2023-09-08 05:28:55,0.2097089961548834,0.2033541397089178,0.228
2023-09-08 05:29:00,0.2318451617981377,0.223836189232603,0.256
2023-09-08 05:29:05,0.2316516134784885,0.2265293453171155,0.31
2023-09-08 05:29:10,0.2140811822487552,0.2270083810714651,0.1119999999999999
2023-09-08 05:29:15,0.1907476578581406,0.2476392005733208,0.206
2023-09-08 05:29:20,0.2932773627977065,0.2862781680822445,0.3379999999999999
2023-09-08 05:29:25,0.3215792970624898,0.3154544221946436,0.356
2023-09-08 05:29:30,0.3131569895086658,0.3102086985789688,0.278
2023-09-08 05:29:35,0.2874220109289549,0.2692811816646014,0.292
2023-09-08 05:29:40,0.243814970533563,0.2126564419206556,0.1939999999999999
2023-09-08 05:29:45,0.1705260179401607,0.1660931713726076,0.176
2023-09-08 05:29:50,0.1409315464684536,0.1459894479063869,0.088
2023-09-08 05:29:55,0.1488493242779535,0.1532374058223628,0.212
2023-09-08 05:30:00,0.1628993164447493,0.1800792867952326,0.204
2023-09-08 05:30:05,0.1799044531644853,0.219814075973055,0.192
2023-09-08 05:30:10,0.2609069230327761,0.2639664610566876,0.18
2023-09-08 05:30:15,0.2823167685354457,0.2940230722244981,0.39
2023-09-08 05:30:20,0.2787790977190191,0.2893991943572088,0.288
2023-09-08 05:30:25,0.254620171868367,0.2477382746172687,0.264
2023-09-08 05:30:30,0.2129739749963736,0.1900382125309585,0.146
2023-09-08 05:30:35,0.153083581181558,0.142327858017731,0.132
2023-09-08 05:30:40,0.1459513660756346,0.1154056417716402,0.1119999999999999
2023-09-08 05:30:45,0.1494027813304266,0.1032927742196564,0.15
2023-09-08 05:30:50,0.1853820247963747,0.0973433776711972,0.072
2023-09-08 05:30:55,0.2056893717997288,0.0974816450614283,0.124
2023-09-08 05:31:00,0.1057885744424322,0.1090571326077751,0.074
2023-09-08 05:31:05,0.121708890086954,0.1312195110124873,0.088
2023-09-08 05:31:10,0.1488111248654632,0.1526581615723372,0.244
2023-09-08 05:31:15,0.1476502948452628,0.1622837463337961,0.13
2023-09-08 05:31:20,0.1516092488135088,0.1613850892159083,0.188
2023-09-08 05:31:25,0.1525798986230973,0.159820237298637,0.068
2023-09-08 05:31:30,0.1574743383507827,0.1628905550415998,0.222
2023-09-08 05:31:35,0.1561666048528211,0.1697977652800115,0.22
2023-09-08 05:31:40,0.1628550036037052,0.1835079012886367,0.122
2023-09-08 05:31:45,0.1637408410572337,0.2114831488915695,0.226
2023-09-08 05:31:50,0.250888392490455,0.25237609126704,0.23
2023-09-08 05:31:55,0.2770538171101961,0.2869687671402969,0.264
2023-09-08 05:32:00,0.2782634690427781,0.2878074977130081,0.356
2023-09-08 05:32:05,0.2525655423390083,0.2423182823079123,0.238
2023-09-08 05:32:10,0.2139242514376179,0.1692325035993858,0.184
2023-09-08 05:32:15,0.1164552960440805,0.1103017162702955,0.0819999999999999
2023-09-08 05:32:20,0.103183546822027,0.1005486438776351,0.05
2023-09-08 05:32:25,0.1215775039685966,0.1406637472582207,0.174
2023-09-08 05:32:30,0.1404767843994481,0.1947786361924572,0.136
2023-09-08 05:32:35,0.1733841482071784,0.2178245316948895,0.35
2023-09-08 05:32:40,0.1831966755159553,0.1924885246532428,0.18
2023-09-08 05:32:45,0.1390648496371374,0.1428213283626717,0.088
2023-09-08 05:32:50,0.1016309971639404,0.1102221363851365,0.078
2023-09-08 05:32:55,0.1005152452094645,0.1178274293350957,0.14
2023-09-08 05:33:00,0.1167837552292754,0.1585965850695769,0.2
2023-09-08 05:33:05,0.205434862916624,0.2078673658277714,0.15
2023-09-08 05:33:10,0.2489132061882359,0.2389026604738579,0.238
2023-09-08 05:33:15,0.2553022916096792,0.2350122364332637,0.32
2023-09-08 05:33:20,0.2362946171835153,0.2005607539539715,0.18
2023-09-08 05:33:25,0.2036420639905923,0.1593702868107774,0.08
2023-09-08 05:33:30,0.1385467267275976,0.1354453139153867,0.18
2023-09-08 05:33:35,0.1407045342430607,0.1364971703512067,0.158
2023-09-08 05:33:40,0.1384672554614443,0.1549832268158624,0.11
2023-09-08 05:33:45,0.1567137702906065,0.1764804539293546,0.196
2023-09-08 05:33:50,0.160412965610242,0.1865854028512651,0.196
2023-09-08 05:33:55,0.1806939285517412,0.1787140954977452,0.186
2023-09-08 05:34:00,0.1630121364306123,0.1593965571012485,0.176
2023-09-08 05:34:05,0.1494290569678293,0.1430093686853831,0.084
2023-09-08 05:34:10,0.1330394031998092,0.1390824748575392,0.154
2023-09-08 05:34:15,0.1456635005892121,0.1464161900757655,0.178
2023-09-08 05:34:20,0.1595333284979818,0.1601992522893825,0.154
2023-09-08 05:34:25,0.1639588969469953,0.1799913275126118,0.192
2023-09-08 05:34:30,0.1694932059297919,0.206595100978331,0.1119999999999999
2023-09-08 05:34:35,0.1705573262497789,0.235183703131945,0.3779999999999999
2023-09-08 05:34:40,0.1658390947389577,0.2570830003279672,0.154
2023-09-08 05:34:45,0.2707220600500764,0.2663572874851658,0.286
2023-09-08 05:34:50,0.2670593693431964,0.2630316129358092,0.31
2023-09-08 05:34:55,0.2500273823984617,0.2540667357783548,0.2339999999999999
2023-09-08 05:35:00,0.2257963519115543,0.2501691199275092,0.208
2023-09-08 05:35:05,0.2031806154387745,0.2561929301396766,0.284
2023-09-08 05:35:10,0.2647502821661938,0.2657799208518083,0.26
2023-09-08 05:35:15,0.2649735725040268,0.2686189481888573,0.272
2023-09-08 05:35:20,0.2496505368319985,0.2626438616135172,0.3
2023-09-08 05:35:25,0.2272595929160381,0.2587633753550382,0.226
2023-09-08 05:35:30,0.2081046959443478,0.2727651114128444,0.268
2023-09-08 05:35:35,0.3143441261981473,0.3101304138290452,0.296
2023-09-08 05:35:40,0.3524741688820805,0.3570816322041601,0.368
2023-09-08 05:35:45,0.3650538494999597,0.3859753684624441,0.372
2023-09-08 05:35:50,0.3333156899632982,0.3721677579349877,0.39
2023-09-08 05:35:55,0.2851364495499704,0.3129936915945147,0.3939999999999999
2023-09-08 05:36:00,0.2346106730537064,0.2339846677127629,0.148
2023-09-08 05:36:05,0.1772192677278112,0.1711679005352617,0.14
2023-09-08 05:36:10,0.1513049595529123,0.1434704350334343,0.1639999999999999
2023-09-08 05:36:15,0.1703344743065259,0.1445719630573668,0.196
2023-09-08 05:36:20,0.1977497927649066,0.1575694349649307,0.124
2023-09-08 05:36:25,0.169320748368222,0.1679798856346005,0.15
2023-09-08 05:36:30,0.1800737821148034,0.1647242407061415,0.148
2023-09-08 05:36:35,0.1898585271135933,0.1434139676429024,0.238
2023-09-08 05:36:40,0.1861954024698301,0.1165373486999527,0.084
2023-09-08 05:36:45,0.1846219546730482,0.1115585709272635,0.08
2023-09-08 05:36:50,0.1407461820249771,0.1479233229422666,0.09
2023-09-08 05:36:55,0.1968435095218592,0.2166554332621397,0.294
2023-09-08 05:37:00,0.2390814554503479,0.2868442029730585,0.286
2023-09-08 05:37:05,0.2312526513217639,0.3286410828376583,0.308
2023-09-08 05:37:10,0.2085479259748787,0.3276430774824049,0.32
2023-09-08 05:37:15,0.2877071396528328,0.2866300701580974,0.336
2023-09-08 05:37:20,0.2311270095803804,0.223584974266687,0.196
2023-09-08 05:37:25,0.1851116120918209,0.1648555275413839,0.156
2023-09-08 05:37:30,0.1584754988705005,0.1312514798967271,0.106
2023-09-08 05:37:35,0.1643650763538302,0.1274388621727776,0.17
2023-09-08 05:37:40,0.1400964613506871,0.1437422300972636,0.12
2023-09-08 05:37:45,0.16124253338964,0.1649873196868369,0.168
2023-09-08 05:37:50,0.1770112343991519,0.1778012140605149,0.18
2023-09-08 05:37:55,0.1799039860300519,0.1761614339342912,0.178
2023-09-08 05:38:00,0.1732417193985039,0.1662266471398968,0.214
2023-09-08 05:38:05,0.1614115270207166,0.1645715812869685,0.1
2023-09-08 05:38:10,0.1592949671544572,0.1856098553243164,0.184
2023-09-08 05:38:15,0.1715274196772335,0.2278811587605455,0.248
2023-09-08 05:38:20,0.1776445542109069,0.2734938138465796,0.262
2023-09-08 05:38:25,0.179600796505858,0.3002021935754632,0.322
2023-09-08 05:38:30,0.3054971798185292,0.2937831373903254,0.286
2023-09-08 05:38:35,0.272813013680353,0.2534416287474594,0.228
2023-09-08 05:38:40,0.2363477443429845,0.1921618799579451,0.262
2023-09-08 05:38:45,0.2097294425002824,0.1339125854304611,0.088
2023-09-08 05:38:50,0.1962902409871345,0.1039545145507738,0.088
2023-09-08 05:38:55,0.1106062576501141,0.1130534531027012,0.128
2023-09-08 05:39:00,0.1394144108849261,0.1482355530796257,0.092
2023-09-08 05:39:05,0.1662285326433375,0.1815123790994036,0.258
2023-09-08 05:39:10,0.1781650069511705,0.1926091697600533,0.216
2023-09-08 05:39:15,0.1797061289910329,0.1857931861768072,0.154
2023-09-08 05:39:20,0.1819902777352191,0.1820777854354069,0.154
2023-09-08 05:39:25,0.1906503673467814,0.1941687329973675,0.172
2023-09-08 05:39:30,0.1924513657232326,0.2124231732743826,0.25
2023-09-08 05:39:35,0.1897719142993378,0.2160050658635989,0.2319999999999999
2023-09-08 05:39:40,0.1802874002317644,0.1943272679603001,0.1939999999999999
2023-09-08 05:39:45,0.1584790032239301,0.1563932759772165,0.138
2023-09-08 05:39:50,0.1230417548378315,0.1230180447051089,0.136
2023-09-08 05:39:55,0.1114869348054835,0.112757077740221,0.102
2023-09-08 05:40:00,0.1277379365891208,0.1310969150021682,0.122
2023-09-08 05:40:05,0.1490337114831323,0.1664539780969822,0.138
2023-09-08 05:40:10,0.1984398633313616,0.1968042049940657,0.25
2023-09-08 05:40:15,0.2104421740690299,0.2063556064643788,0.2339999999999999
2023-09-08 05:40:20,0.2018879676852479,0.1977212661021321,0.154
2023-09-08 05:40:25,0.1829938225851236,0.1850703863046366,0.15
2023-09-08 05:40:30,0.1628866993099251,0.1774709236540024,0.228
2023-09-08 05:40:35,0.1709787049605907,0.1734223620826518,0.16
2023-09-08 05:40:40,0.1716827507171642,0.1682820161462863,0.162
2023-09-08 05:40:45,0.1603635112596181,0.1610916249715479,0.172
2023-09-08 05:40:50,0.1441003080234378,0.15552255197954,0.162
2023-09-08 05:40:55,0.1440871018611524,0.1571643680651177,0.146
2023-09-08 05:41:00,0.1687867293615665,0.1676537469414027,0.158
2023-09-08 05:41:05,0.1834924239662407,0.1792613327134,0.146
2023-09-08 05:41:10,0.2041072010729224,0.1788704413629108,0.25
2023-09-08 05:41:15,0.1961620400895269,0.16208732453426,0.178
2023-09-08 05:41:20,0.183963663761397,0.1407499166629105,0.088
2023-09-08 05:41:25,0.1264865891040694,0.130156230586052,0.088
2023-09-08 05:41:30,0.12892170042947,0.1309696595939621,0.192
2023-09-08 05:41:35,0.1511751766695116,0.1303184000276262,0.124
2023-09-08 05:41:40,0.1725414813761205,0.1188252353225604,0.132
2023-09-08 05:41:45,0.2000364616527207,0.1007012108452401,0.08
2023-09-08 05:41:50,0.0937138578581377,0.0885943828260209,0.084
2023-09-08 05:41:55,0.0932667325419272,0.0933787714289376,0.122
2023-09-08 05:42:00,0.102178658833005,0.1174187100426503,0.0819999999999999
2023-09-08 05:42:05,0.1350301352319906,0.1513735527415285,0.136
2023-09-08 05:42:10,0.1587743237410141,0.1765114824179208,0.208
2023-09-08 05:42:15,0.1823848412305449,0.1765062454020406,0.2019999999999999
2023-09-08 05:42:20,0.1644305653234433,0.1509248838599177,0.136
2023-09-08 05:42:25,0.1321155107275467,0.1153885160129581,0.09
2023-09-08 05:42:30,0.120559821644092,0.0880885385752395,0.104
2023-09-08 05:42:35,0.1252347757887925,0.077216875292259,0.072
2023-09-08 05:42:40,0.0823052528899321,0.078452618268593,0.054
2023-09-08 05:42:45,0.09090179528706,0.0810246015794832,0.122
2023-09-08 05:42:50,0.1040469474138203,0.0779085374374563,0.0819999999999999
2023-09-08 05:42:55,0.1167880403826455,0.0725625009003444,0.0559999999999999
2023-09-08 05:43:00,0.1307016108679854,0.0745429338362621,0.078
2023-09-08 05:43:05,0.0875181869427734,0.0878608867270859,0.034
2023-09-08 05:43:10,0.1116187971149821,0.1061271400034477,0.18
2023-09-08 05:43:15,0.1303455900749864,0.1208178199178761,0.124
2023-09-08 05:43:20,0.1401025072673773,0.1307607822277886,0.08
2023-09-08 05:43:25,0.1434172745940042,0.1396619780713858,0.156
2023-09-08 05:43:30,0.1487557585688577,0.1484927935419425,0.146
2023-09-08 05:43:35,0.1549461904019012,0.1562772705002489,0.2
2023-09-08 05:43:40,0.1568029731133923,0.1652974471429996,0.122
2023-09-08 05:43:45,0.1556758740894434,0.1784178218090708,0.174
2023-09-08 05:43:50,0.1540033532797115,0.1910737964423998,0.176
2023-09-08 05:43:55,0.1862848318659385,0.192194492393512,0.2339999999999999
2023-09-08 05:44:00,0.1759207158956205,0.1770601524765924,0.198
2023-09-08 05:44:05,0.1598104246172086,0.1562201779748324,0.13
2023-09-08 05:44:10,0.1508211311489131,0.1464524127356408,0.1
2023-09-08 05:44:15,0.1492455334951938,0.1531122044266775,0.186
2023-09-08 05:44:20,0.1702360016193109,0.1656116697923045,0.1639999999999999
2023-09-08 05:44:25,0.180099268511887,0.1703919419198289,0.208
2023-09-08 05:44:30,0.182313384481354,0.1640610361845822,0.132
2023-09-08 05:44:35,0.1709582333268814,0.1524111318594597,0.136
2023-09-08 05:44:40,0.1678415604490308,0.1406904103409772,0.158
2023-09-08 05:44:45,0.1317994175195372,0.129384516111423,0.126
2023-09-08 05:44:50,0.120598440545136,0.1189626486748854,0.14
2023-09-08 05:44:55,0.1181203498191391,0.114109806217193,0.1119999999999999
2023-09-08 05:45:00,0.1193302263020226,0.1191475551849094,0.074
2023-09-08 05:45:05,0.1315195830963707,0.1294393053954998,0.12
2023-09-08 05:45:10,0.1361813646599472,0.1333079282492053,0.216
2023-09-08 05:45:15,0.1180614452719817,0.126988801843709,0.1119999999999999
2023-09-08 05:45:20,0.1084744666032265,0.1225067057024728,0.086
2023-09-08 05:45:25,0.1100385262327381,0.1339807894347881,0.12
2023-09-08 05:45:30,0.1151427509251918,0.1582683031617433,0.156
2023-09-08 05:45:35,0.1783442389363755,0.1746634810930141,0.176
2023-09-08 05:45:40,0.1730766878908967,0.1657489464331532,0.26
2023-09-08 05:45:45,0.1622807877634373,0.1373329440879707,0.074
2023-09-08 05:45:50,0.1445883722382841,0.1143201472131268,0.08
2023-09-08 05:45:55,0.1385809146720585,0.1161135331107839,0.136
2023-09-08 05:46:00,0.1441903204291239,0.1393024259689274,0.118
2023-09-08 05:46:05,0.1700236887462406,0.1640117326577264,0.206
2023-09-08 05:46:10,0.1793485451081563,0.1729893101128879,0.182
2023-09-08 05:46:15,0.1766284471511395,0.1638742577942436,0.124
2023-09-08 05:46:20,0.1654624215188481,0.1465410247392231,0.186
2023-09-08 05:46:25,0.1354799443847817,0.13203126581401,0.096
2023-09-08 05:46:30,0.1297128738788801,0.1236855647332891,0.1
2023-09-08 05:46:35,0.1316726052103151,0.1172391270393549,0.188
2023-09-08 05:46:40,0.1311560670248933,0.1093383847601303,0.094
2023-09-08 05:46:45,0.1439759592874958,0.1031610849237049,0.0559999999999999
2023-09-08 05:46:50,0.1054841874798708,0.1034147716029515,0.118
2023-09-08 05:46:55,0.1109169451169381,0.1109587949890482,0.168
2023-09-08 05:47:00,0.1175832252950441,0.1249446221788537,0.064
2023-09-08 05:47:05,0.1247392363672081,0.1436498190506027,0.138
2023-09-08 05:47:10,0.1298304484104874,0.1611693803097623,0.198
2023-09-08 05:47:15,0.1739107049609267,0.1695805782327992,0.158
2023-09-08 05:47:20,0.1699843777358394,0.1660609491630281,0.174
2023-09-08 05:47:25,0.1573773436980214,0.1543521069156298,0.142
2023-09-08 05:47:30,0.1502728914996867,0.1393316801625797,0.118
2023-09-08 05:47:35,0.1494506460923575,0.123528592263928,0.166
2023-09-08 05:47:40,0.1112847157064068,0.109980594997042,0.106
2023-09-08 05:47:45,0.1048010950731141,0.104744466664445,0.08
2023-09-08 05:47:50,0.1101706143758197,0.1123739814930835,0.1119999999999999
2023-09-08 05:47:55,0.1244988495092624,0.1297992650718513,0.144
2023-09-08 05:48:00,0.1414064108145928,0.147352380942372,0.13
2023-09-08 05:48:05,0.1559935399011484,0.1558387937333631,0.188
2023-09-08 05:48:10,0.151271238620686,0.1526710896919134,0.128
2023-09-08 05:48:15,0.1445388394091069,0.1429104843418511,0.154
2023-09-08 05:48:20,0.1391299310863464,0.1353703523799079,0.15
2023-09-08 05:48:25,0.1374729761861125,0.1357534261508242,0.09
2023-09-08 05:48:30,0.1415735276265163,0.1402865645998014,0.15
2023-09-08 05:48:35,0.1437075468157131,0.1370296158377016,0.144
2023-09-08 05:48:40,0.1454032288284963,0.1184103614475519,0.178
2023-09-08 05:48:45,0.1361592011582381,0.0933288110886575,0.04
2023-09-08 05:48:50,0.1393016251832119,0.082288907041258,0.098
2023-09-08 05:48:55,0.099299748302646,0.0976343576706336,0.034
2023-09-08 05:49:00,0.1286944355334745,0.1297782554436535,0.18
2023-09-08 05:49:05,0.1586195382383181,0.1546635939811929,0.16
2023-09-08 05:49:10,0.1723867466244102,0.1546037021673436,0.182
2023-09-08 05:49:15,0.1634822987532116,0.1310553059358277,0.088
2023-09-08 05:49:20,0.1031627190760466,0.0995289110897163,0.1
2023-09-08 05:49:25,0.084453951425225,0.0772833144468775,0.1159999999999999
2023-09-08 05:49:30,0.0842937122617864,0.0755505168009134,0.04
2023-09-08 05:49:35,0.0999730947331845,0.0949121708983803,0.08
2023-09-08 05:49:40,0.1215015953100901,0.1228036711934278,0.118
2023-09-08 05:49:45,0.1406975177266491,0.1411255565754345,0.198
2023-09-08 05:49:50,0.1422735261944384,0.1429793967061147,0.142
2023-09-08 05:49:55,0.1303634035363502,0.1401059877072992,0.124
2023-09-08 05:50:00,0.124745645794234,0.1490091767998389,0.092
2023-09-08 05:50:05,0.1234588081469966,0.1706898611484034,0.196
2023-09-08 05:50:10,0.1943108499371525,0.1887776612602816,0.226
2023-09-08 05:50:15,0.18861934307903,0.1878042129639699,0.186
2023-09-08 05:50:20,0.1727605457815162,0.1689359971906652,0.16
2023-09-08 05:50:25,0.1560265279922787,0.14703902155566,0.138
2023-09-08 05:50:30,0.1427104440397373,0.1360158572213116,0.132
2023-09-08 05:50:35,0.1435994659433606,0.1376336190778734,0.128
2023-09-08 05:50:40,0.1430700245039927,0.141390554465066,0.148
2023-09-08 05:50:45,0.150423610274087,0.1342781879596837,0.152
2023-09-08 05:50:50,0.1541647168870898,0.1131312872728076,0.13
2023-09-08 05:50:55,0.1576203059137443,0.0888975784931283,0.06
2023-09-08 05:51:00,0.0764901771876388,0.0778905171370625,0.078
2023-09-08 05:51:05,0.0863601423635362,0.0878359513772089,0.076
2023-09-08 05:51:10,0.1119139419382579,0.1118474517585022,0.106
2023-09-08 05:51:15,0.1389830599125218,0.1356135545555456,0.182
2023-09-08 05:51:20,0.1480707639570438,0.1502509239012455,0.146
2023-09-08 05:51:25,0.1551305491368555,0.1569695912623555,0.106
2023-09-08 05:51:30,0.1727819263703526,0.1596498099480572,0.198
2023-09-08 05:51:35,0.1736318833350359,0.1574758067181308,0.126
2023-09-08 05:51:40,0.1718769185072236,0.1476724267269558,0.206
2023-09-08 05:51:45,0.1652698499965575,0.1320765435975061,0.092
2023-09-08 05:51:50,0.1197575107020707,0.116996578557049,0.09
2023-09-08 05:51:55,0.1189635991073462,0.1081506498770915,0.176
2023-09-08 05:52:00,0.1261766720878314,0.1089144529421383,0.064
2023-09-08 05:52:05,0.1372744979256504,0.1206389621650605,0.12
2023-09-08 05:52:10,0.1511173856483626,0.1399761273820459,0.156
2023-09-08 05:52:15,0.1547992900521886,0.1571769581255889,0.118
2023-09-08 05:52:20,0.1715783521022047,0.1610752567293561,0.22
2023-09-08 05:52:25,0.1664839565663917,0.1479586105772535,0.132
2023-09-08 05:52:30,0.1559199531023429,0.1252226258100946,0.118
2023-09-08 05:52:35,0.1511383764446952,0.1046738884234434,0.076
2023-09-08 05:52:40,0.0933675315761074,0.0930096302848889,0.13
2023-09-08 05:52:45,0.0954184321093683,0.0903013207479337,0.078
2023-09-08 05:52:50,0.1093628581035339,0.0949533903094893,0.098
2023-09-08 05:52:55,0.1174314990696151,0.106348063090891,0.106
2023-09-08 05:53:00,0.1328630818570761,0.1227863615348381,0.12
2023-09-08 05:53:05,0.1403811878580543,0.1387956507337055,0.114
2023-09-08 05:53:10,0.1491262279564991,0.1464426757071472,0.19
2023-09-08 05:53:15,0.1512221423383571,0.1413652888852906,0.136
2023-09-08 05:53:20,0.1512956954802156,0.1268845963550087,0.1119999999999999
2023-09-08 05:53:25,0.1481094895404598,0.1100473752302487,0.09
2023-09-08 05:53:30,0.0953245729510913,0.0953043619606617,0.13
2023-09-08 05:53:35,0.0881902342589915,0.0847282209063391,0.0819999999999999
2023-09-08 05:53:40,0.0912073017888067,0.0818375797886266,0.06
2023-09-08 05:53:45,0.1053779269263452,0.0911863700739245,0.118
2023-09-08 05:53:50,0.1217092190376102,0.1142605355043126,0.084
2023-09-08 05:53:55,0.1438435922844128,0.1470293887447678,0.156
2023-09-08 05:54:00,0.1770870433554247,0.1814303475883175,0.212
2023-09-08 05:54:05,0.1898422320410512,0.2086603381540996,0.162
2023-09-08 05:54:10,0.1908759915953557,0.2211423898955911,0.226
2023-09-08 05:54:15,0.172461655989798,0.2150046491525127,0.276
2023-09-08 05:54:20,0.1944984137345822,0.1941158106019487,0.15
2023-09-08 05:54:25,0.1718399568621808,0.1685063329930294,0.132
2023-09-08 05:54:30,0.156141935521151,0.1464922675360341,0.212
2023-09-08 05:54:35,0.1499723052835132,0.1315757229948369,0.098
2023-09-08 05:54:40,0.1624268676988707,0.1256825727187495,0.136
2023-09-08 05:54:45,0.1289862295686629,0.1295404337518413,0.1159999999999999
2023-09-08 05:54:50,0.1365069975007982,0.139524599860697,0.146
2023-09-08 05:54:55,0.1461853805188578,0.1476696549896805,0.138
2023-09-08 05:55:00,0.157894154119929,0.1469208722516479,0.17
2023-09-08 05:55:05,0.1593229280331067,0.1374140645980411,0.152
2023-09-08 05:55:10,0.1255393631231847,0.1266867089551642,0.08
2023-09-08 05:55:15,0.1234515354552592,0.1218651088767483,0.132
2023-09-08 05:55:20,0.1348177147438911,0.1232421118390196,0.126
2023-09-08 05:55:25,0.1437565938904052,0.1279454603726532,0.18
2023-09-08 05:55:30,0.1527384861696313,0.1364144832465511,0.068
2023-09-08 05:55:35,0.1465202895241179,0.1497038141768558,0.17
2023-09-08 05:55:40,0.1711756403654791,0.161922287712472,0.146
2023-09-08 05:55:45,0.1824354653212526,0.1615453145664994,0.192
2023-09-08 05:55:50,0.1811283293469744,0.1424379619242987,0.152
2023-09-08 05:55:55,0.1714681063796157,0.1115030072949127,0.092
2023-09-08 05:56:00,0.0804743652020835,0.0841294801756903,0.076
2023-09-08 05:56:05,0.0732834826873905,0.0730018163091625,0.0819999999999999
2023-09-08 05:56:10,0.0895063518221226,0.0812438244550933,0.072
2023-09-08 05:56:15,0.1116136238743878,0.1031531284453414,0.1159999999999999
2023-09-08 05:56:20,0.1307200752725928,0.128681616777721,0.104
2023-09-08 05:56:25,0.1416960814087859,0.1487530155289214,0.192
2023-09-08 05:56:30,0.1508250075749375,0.159478434562104,0.146
2023-09-08 05:56:35,0.1467739630715606,0.1616003899311064,0.114
2023-09-08 05:56:40,0.1469237540452454,0.1562790879852337,0.214
2023-09-08 05:56:45,0.1448939467515164,0.144474803170137,0.138
2023-09-08 05:56:50,0.1282701412834281,0.1297583800583656,0.098
2023-09-08 05:56:55,0.1191163195167275,0.1172607914721956,0.142
2023-09-08 05:57:00,0.1192420579202898,0.1098780918177601,0.1
2023-09-08 05:57:05,0.128557995855033,0.1076055987801335,0.1159999999999999
2023-09-08 05:57:10,0.1392203349024852,0.1094100767980114,0.078
2023-09-08 05:57:15,0.1166232273940776,0.1155318975276854,0.186
2023-09-08 05:57:20,0.1205185978591201,0.12875765710983,0.078
2023-09-08 05:57:25,0.1266139121810824,0.1505266510320183,0.122
2023-09-08 05:57:30,0.1365198713717321,0.1746202727407824,0.216
2023-09-08 05:57:35,0.1382092027803216,0.189330786245012,0.2
2023-09-08 05:57:40,0.1879092437465315,0.1875628941585995,0.156
2023-09-08 05:57:45,0.1772704162991414,0.1720140437523551,0.214
2023-09-08 05:57:50,0.1588329123332211,0.1512050692538431,0.092
2023-09-08 05:57:55,0.1461532275912185,0.1331947417339164,0.1939999999999999
2023-09-08 05:58:00,0.1533448246094355,0.1223283465645383,0.064
2023-09-08 05:58:05,0.1235462263963906,0.1191914704294071,0.174
2023-09-08 05:58:10,0.122901638925771,0.1215931060762794,0.0819999999999999
2023-09-08 05:58:15,0.1294463580078596,0.1253986276908158,0.114
2023-09-08 05:58:20,0.136608308383154,0.1272586558142835,0.1939999999999999
2023-09-08 05:58:25,0.1417326679758459,0.1288928153310551,0.102
2023-09-08 05:58:30,0.1362709385910103,0.1349844197973215,0.078
2023-09-08 05:58:35,0.1456320066079225,0.1438434552547064,0.17
2023-09-08 05:58:40,0.1536425470642945,0.1464906562296543,0.184
2023-09-08 05:58:45,0.1621549235557402,0.1400040248040756,0.16
2023-09-08 05:58:50,0.1592816885708055,0.1354285966088827,0.076
2023-09-08 05:58:55,0.152746504879372,0.1460565867545342,0.14
2023-09-08 05:59:00,0.1707792716326469,0.1713627116158272,0.1939999999999999
2023-09-08 05:59:05,0.1938367925957866,0.1972181189235543,0.2
2023-09-08 05:59:10,0.2036434421520525,0.2095309662829254,0.222
2023-09-08 05:59:15,0.186890239034724,0.2045375918449973,0.184
2023-09-08 05:59:20,0.190768048883138,0.1884147756029964,0.212
2023-09-08 05:59:25,0.1718089114211113,0.1705486912506686,0.146
2023-09-08 05:59:30,0.1662084452347568,0.1563696381311516,0.15
2023-09-08 05:59:35,0.1625339941188187,0.1445985922383393,0.15
2023-09-08 05:59:40,0.1600746079539545,0.1319201705032582,0.174
2023-09-08 05:59:45,0.1227867007147504,0.1204039241831519,0.062
2023-09-08 05:59:50,0.1209265739549495,0.1186620026469818,0.176
2023-09-08 05:59:55,0.1280066434919085,0.1351479717837806,0.092
2023-09-08 06:00:00,0.1473061526686454,0.1693864190814364,0.154
2023-09-08 06:00:05,0.1587460063848637,0.2083741304881062,0.2319999999999999
2023-09-08 06:00:10,0.2343716756094084,0.2338620445219987,0.24
2023-09-08 06:00:15,0.2368010422914535,0.2362733294868362,0.2739999999999999
2023-09-08 06:00:20,0.2180013323865564,0.2208430829357429,0.144
2023-09-08 06:00:25,0.1923894377339861,0.1999953823390699,0.252
2023-09-08 06:00:30,0.1737379714451133,0.1825226494345202,0.166
2023-09-08 06:00:35,0.1737936721091515,0.169645133730513,0.15
2023-09-08 06:00:40,0.1700675426474684,0.1577375078852029,0.162
2023-09-08 06:00:45,0.1621041340421123,0.1455943232145081,0.2239999999999999
2023-09-08 06:00:50,0.164319119283108,0.1399035147837702,0.076
2023-09-08 06:00:55,0.1695667425346182,0.1476209820995789,0.086
2023-09-08 06:01:00,0.1620963308817539,0.1618428122565144,0.228
2023-09-08 06:01:05,0.1695734984383786,0.1645727552394721,0.176
2023-09-08 06:01:10,0.1665588834436829,0.1472860567436454,0.158
2023-09-08 06:01:15,0.1596804006058739,0.1225783466066482,0.1159999999999999
2023-09-08 06:01:20,0.1533936337209542,0.1118332185661839,0.072
2023-09-08 06:01:25,0.1242159057011911,0.1230540880894315,0.096
2023-09-08 06:01:30,0.1434491763739666,0.1431369964236786,0.216
2023-09-08 06:01:35,0.162023196174296,0.1523562153923193,0.136
2023-09-08 06:01:40,0.167121644796256,0.1436017879500479,0.144
2023-09-08 06:01:45,0.1652088913926397,0.1260790016577417,0.126
2023-09-08 06:01:50,0.1129818838429619,0.1140701315649275,0.086
2023-09-08 06:01:55,0.11733466219125,0.1151441900984954,0.132
2023-09-08 06:02:00,0.12728135443638,0.1273711158478641,0.142
2023-09-08 06:02:05,0.139392919295214,0.14381753489404,0.1159999999999999
2023-09-08 06:02:10,0.1446861967396406,0.1575684838743538,0.17
2023-09-08 06:02:15,0.165670644284843,0.1651169127866341,0.19
2023-09-08 06:02:20,0.1708285645558909,0.1683857537437457,0.146
2023-09-08 06:02:25,0.165524542117371,0.1723728088688816,0.156
2023-09-08 06:02:30,0.15562919710915,0.1793025016018688,0.208
2023-09-08 06:02:35,0.1573634960610732,0.1862379058900359,0.162
2023-09-08 06:02:40,0.1879261557573831,0.1881769537850509,0.206
2023-09-08 06:02:45,0.1811259031362355,0.1823652441474498,0.176
2023-09-08 06:02:50,0.1790005565005598,0.1709727942023505,0.176
2023-09-08 06:02:55,0.1713947745022352,0.1612264918522493,0.17
2023-09-08 06:03:00,0.1718416576894308,0.1618569785010584,0.144
2023-09-08 06:03:05,0.1790634410127722,0.1765168144858941,0.174
2023-09-08 06:03:10,0.1934466503004749,0.1988919721750208,0.19
2023-09-08 06:03:15,0.2011256803825619,0.215327027994247,0.236
2023-09-08 06:03:20,0.1955545875188341,0.2143581591479657,0.2339999999999999
2023-09-08 06:03:25,0.1873263432551747,0.1946636748099914,0.138
2023-09-08 06:03:30,0.165118342347687,0.1654413230287197,0.238
2023-09-08 06:03:35,0.1396121166135963,0.1416845785246677,0.094
2023-09-08 06:03:40,0.1253913374772893,0.1366393741091945,0.16
2023-09-08 06:03:45,0.127496069297177,0.1518085637214964,0.076
2023-09-08 06:03:50,0.1326414989148643,0.1730617408135254,0.242
2023-09-08 06:03:55,0.1832237711255853,0.1824055337213759,0.208
2023-09-08 06:04:00,0.1727537306652334,0.1754724057577019,0.16
2023-09-08 06:04:05,0.1471792663930627,0.1629919043634743,0.118
2023-09-08 06:04:10,0.135467952521299,0.1552227584985346,0.16
2023-09-08 06:04:15,0.1464755059861344,0.151504055135947,0.2
2023-09-08 06:04:20,0.1415746872680394,0.1458353862173688,0.1119999999999999
2023-09-08 06:04:25,0.1388622000928099,0.1355970828333323,0.144
2023-09-08 06:04:30,0.1360123099843908,0.1222992786155127,0.1119999999999999
2023-09-08 06:04:35,0.1388385201084887,0.1089150373431335,0.134
2023-09-08 06:04:40,0.1468619732048084,0.0992267125174055,0.074
2023-09-08 06:04:45,0.0976270625154907,0.0973062054093686,0.102
2023-09-08 06:04:50,0.1032347741628524,0.105957297174992,0.13
2023-09-08 06:04:55,0.1177833717514147,0.125332508396665,0.086
2023-09-08 06:05:00,0.1280157287118276,0.1514142174636564,0.176
2023-09-08 06:05:05,0.1376480993780449,0.1756309135939091,0.152
2023-09-08 06:05:10,0.1886974308173519,0.1888610657191191,0.226
2023-09-08 06:05:15,0.189553994112921,0.187889611040433,0.18
2023-09-08 06:05:20,0.1768601635147372,0.1770352928836709,0.158
2023-09-08 06:05:25,0.1593892934817336,0.1626757642163011,0.156
2023-09-08 06:05:30,0.1490753436817629,0.1481492777476379,0.178
2023-09-08 06:05:35,0.1395223515212689,0.1351729899687017,0.12
2023-09-08 06:05:40,0.1291016579314501,0.1269584937862242,0.138
2023-09-08 06:05:45,0.1287721243309049,0.1262141423923054,0.098
2023-09-08 06:05:50,0.1372977231755055,0.1309215226628968,0.13
2023-09-08 06:05:55,0.1462363121881795,0.1359941170017088,0.186
2023-09-08 06:06:00,0.1390323937391722,0.1404031320762648,0.1159999999999999
2023-09-08 06:06:05,0.1435835832767583,0.1488296705088508,0.134
2023-09-08 06:06:10,0.1524460879657342,0.163785974147687,0.136
2023-09-08 06:06:15,0.1608528996073309,0.1802524894731652,0.25
2023-09-08 06:06:20,0.1625008822404497,0.1915616786932901,0.146
2023-09-08 06:06:25,0.1991611966849331,0.1970141191449579,0.236
2023-09-08 06:06:30,0.2036975177096063,0.1996779141205086,0.14
2023-09-08 06:06:35,0.2073418789698511,0.1982838605458945,0.2319999999999999
2023-09-08 06:06:40,0.1978804417204418,0.1853949222097382,0.1639999999999999
2023-09-08 06:06:45,0.1845242676849173,0.1561538456379534,0.208
2023-09-08 06:06:50,0.1213393702743941,0.1184324099330926,0.11
2023-09-08 06:06:55,0.0920519825715812,0.0907478436581303,0.048
2023-09-08 06:07:00,0.0910062541059626,0.0870780458028712,0.086
2023-09-08 06:07:05,0.1136731982781777,0.1047137848686086,0.128
2023-09-08 06:07:10,0.1363785926520386,0.1277916338147674,0.128
2023-09-08 06:07:15,0.1403571716871894,0.13990644856949497,0.122
2023-09-08 06:07:20,0.1337492970742557,0.13338521802064354,0.174
2023-09-08 06:07:25,0.1249457508009081,0.11161164048059294,0.084
2023-09-08 06:07:30,0.1329187986638748,0.08527978378586486,0.078
2023-09-08 06:07:35,0.1378564001531003,0.06524844178444783,0.078
